    1; [  1,   533, 0.22]
    1; [  2,    52, 0.20]
    1; [  3,   437, 0.20]
    1; [  4,   461, 0.18]
    1; [  5,   568, 0.18]
    1; [  6,   827, 0.17]
    1; [  7,   302, 0.17]
    1; [  8,   392, 0.17]
    1; [  9,   439, 0.16]
    1; [ 10,   957, 0.15]
    1; [ 11,   499, 0.14]
    1; [ 12,   311, 0.14]
    1; [ 13,    11, 0.13]
    1; [ 14,   950, 0.13]
    1; [ 15,    96, 0.12]
    1; [ 16,  1180, 0.12]
    1; [ 17,  1026, 0.11]
    1; [ 18,   856, 0.11]
    1; [ 19,   789, 0.11]
    1; [ 20,   875, 0.11]
    1; [ 21,   441, 0.10]
    2; [  1,   498, 0.22]
    2; [  2,   980, 0.17]
    2; [  3,   592, 0.16]
    2; [  4,   137, 0.15]
    2; [  5,  1197, 0.15]
    2; [  6,  1137, 0.14]
    2; [  7,  1211, 0.13]
    2; [  8,   754, 0.13]
    2; [  9,   733, 0.13]
    2; [ 10,   459, 0.12]
    2; [ 11,   107, 0.12]
    2; [ 12,   159, 0.12]
    2; [ 13,   666, 0.12]
    2; [ 14,  1238, 0.11]
    2; [ 15,     1, 0.11]
    2; [ 16,   590, 0.11]
    2; [ 17,  1125, 0.11]
    2; [ 18,    41, 0.11]
    3; [  1,   356, 0.27]
    3; [  2,   633, 0.26]
    3; [  3,  1196, 0.17]
    3; [  4,  1206, 0.17]
    3; [  5,    32, 0.16]
    3; [  6,   959, 0.15]
    3; [  7,   805, 0.13]
    3; [  8,   505, 0.13]
    3; [  9,   150, 0.13]
    3; [ 10,   645, 0.13]
    3; [ 11,  1064, 0.13]
    3; [ 12,   137, 0.12]
    3; [ 13,  1197, 0.12]
    3; [ 14,   497, 0.12]
    3; [ 15,     2, 0.12]
    3; [ 16,   715, 0.11]
    3; [ 17,   496, 0.11]
    3; [ 18,   553, 0.11]
    3; [ 19,   852, 0.11]
    3; [ 20,  1027, 0.11]
    3; [ 21,   500, 0.11]
    3; [ 22,   498, 0.11]
    3; [ 23,   311, 0.11]
    3; [ 24,   462, 0.11]
    3; [ 25,   309, 0.11]
    3; [ 26,  1209, 0.11]
    3; [ 27,   602, 0.11]
    3; [ 28,  1238, 0.10]
    3; [ 29,  1223, 0.10]
    3; [ 30,    28, 0.10]
    3; [ 31,   644, 0.10]
    3; [ 32,    77, 0.10]
    3; [ 33,   991, 0.10]
    3; [ 34,   374, 0.10]
    3; [ 35,   724, 0.10]
    3; [ 36,   439, 0.10]
    4; [  1,   820, 0.27]
    4; [  2,   357, 0.21]
    4; [  3,   725, 0.19]
    4; [  4,  1030, 0.18]
    4; [  5,   924, 0.18]
    4; [  6,  1197, 0.16]
    4; [  7,   711, 0.15]
    4; [  8,   498, 0.14]
    4; [  9,   568, 0.14]
    4; [ 10,   856, 0.13]
    4; [ 11,   497, 0.13]
    4; [ 12,   402, 0.12]
    4; [ 13,   126, 0.12]
    4; [ 14,  1229, 0.11]
    4; [ 15,   867, 0.11]
    4; [ 16,  1039, 0.11]
    4; [ 17,   439, 0.10]
    4; [ 18,   876, 0.10]
    4; [ 19,   604, 0.10]
    4; [ 20,  1228, 0.10]
    4; [ 21,    52, 0.10]
    5; [  1,   496, 0.19]
    5; [  2,   300, 0.19]
    5; [  3,  1057, 0.16]
    5; [  4,   754, 0.16]
    5; [  5,   501, 0.15]
    5; [  6,   711, 0.15]
    5; [  7,   204, 0.14]
    5; [  8,   151, 0.14]
    5; [  9,   827, 0.13]
    5; [ 10,  1064, 0.13]
    5; [ 11,   623, 0.13]
    5; [ 12,   266, 0.12]
    5; [ 13,   210, 0.12]
    5; [ 14,  1007, 0.12]
    5; [ 15,   957, 0.12]
    5; [ 16,    32, 0.11]
    5; [ 17,   498, 0.11]
    5; [ 18,   499, 0.11]
    5; [ 19,   478, 0.11]
    5; [ 20,   568, 0.11]
    5; [ 21,   357, 0.11]
    5; [ 22,   592, 0.11]
    5; [ 23,   502, 0.11]
    5; [ 24,   166, 0.11]
    5; [ 25,   133, 0.11]
    5; [ 26,   690, 0.11]
    5; [ 27,   805, 0.11]
    5; [ 28,   697, 0.11]
    5; [ 29,   437, 0.10]
    5; [ 30,   265, 0.10]
    5; [ 31,   524, 0.10]
    5; [ 32,  1145, 0.10]
    6; [  1,   533, 0.19]
    6; [  2,    47, 0.17]
    6; [  3,  1089, 0.16]
    6; [  4,   592, 0.13]
    6; [  5,   497, 0.13]
    6; [  6,  1229, 0.13]
    6; [  7,   439, 0.13]
    6; [  8,    27, 0.12]
    6; [  9,    67, 0.12]
    6; [ 10,    31, 0.12]
    6; [ 11,   511, 0.12]
    6; [ 12,   593, 0.12]
    6; [ 13,   976, 0.12]
    6; [ 14,  1228, 0.11]
    6; [ 15,   441, 0.11]
    6; [ 16,   546, 0.11]
    6; [ 17,  1095, 0.11]
    6; [ 18,   820, 0.10]
    6; [ 19,   496, 0.10]
    7; [  1,   256, 0.23]
    7; [  2,   769, 0.17]
    7; [  3,  1064, 0.12]
    7; [  4,  1196, 0.11]
    7; [  5,   307, 0.11]
    7; [  6,   496, 0.11]
    7; [  7,   118, 0.11]
    7; [  8,   498, 0.10]
    8; [  1,   439, 0.22]
    8; [  2,   531, 0.20]
    8; [  3,   437, 0.15]
    8; [  4,   100, 0.12]
    9; [  1,  1190, 0.28]
    9; [  2,    99, 0.21]
    9; [  3,   720, 0.21]
    9; [  4,   690, 0.21]
    9; [  5,   493, 0.18]
    9; [  6,    63, 0.18]
    9; [  7,  1013, 0.17]
    9; [  8,   414, 0.17]
    9; [  9,    59, 0.15]
    9; [ 10,   408, 0.15]
    9; [ 11,   426, 0.15]
    9; [ 12,   157, 0.14]
    9; [ 13,   174, 0.14]
    9; [ 14,   165, 0.14]
    9; [ 15,    91, 0.14]
    9; [ 16,  1184, 0.13]
    9; [ 17,   581, 0.13]
    9; [ 18,  1106, 0.13]
    9; [ 19,   796, 0.13]
    9; [ 20,   874, 0.13]
    9; [ 21,  1018, 0.13]
    9; [ 22,   870, 0.13]
    9; [ 23,  1107, 0.13]
    9; [ 24,   974, 0.12]
    9; [ 25,    42, 0.11]
    9; [ 26,   355, 0.11]
    9; [ 27,   443, 0.11]
    9; [ 28,   204, 0.11]
    9; [ 29,     9, 0.11]
    9; [ 30,   167, 0.11]
    9; [ 31,   296, 0.10]
   10; [  1,  1190, 0.38]
   10; [  2,   157, 0.20]
   10; [  3,   974, 0.19]
   10; [  4,  1218, 0.18]
   10; [  5,   510, 0.16]
   10; [  6,  1115, 0.16]
   10; [  7,  1215, 0.15]
   10; [  8,   992, 0.15]
   10; [  9,   581, 0.15]
   10; [ 10,  1239, 0.14]
   10; [ 11,   897, 0.14]
   10; [ 12,   413, 0.14]
   10; [ 13,   799, 0.14]
   10; [ 14,   676, 0.13]
   10; [ 15,   603, 0.13]
   10; [ 16,   878, 0.12]
   10; [ 17,   943, 0.12]
   10; [ 18,   794, 0.12]
   10; [ 19,  1108, 0.11]
   10; [ 20,  1066, 0.11]
   10; [ 21,  1107, 0.11]
   10; [ 22,   337, 0.10]
   10; [ 23,  1106, 0.10]
   10; [ 24,   126, 0.10]
   10; [ 25,    81, 0.10]
   11; [  1,   796, 0.46]
   11; [  2,   799, 0.41]
   11; [  3,   991, 0.38]
   11; [  4,   908, 0.29]
   11; [  5,   798, 0.29]
   11; [  6,   834, 0.27]
   11; [  7,   649, 0.24]
   11; [  8,    96, 0.22]
   11; [  9,   900, 0.22]
   11; [ 10,   712, 0.21]
   11; [ 11,   909, 0.20]
   11; [ 12,   772, 0.20]
   11; [ 13,  1064, 0.17]
   11; [ 14,   186, 0.15]
   11; [ 15,   713, 0.15]
   11; [ 16,   318, 0.15]
   11; [ 17,   835, 0.14]
   11; [ 18,   396, 0.14]
   11; [ 19,  1226, 0.14]
   11; [ 20,  1184, 0.14]
   11; [ 21,   319, 0.14]
   11; [ 22,   659, 0.13]
   11; [ 23,    99, 0.13]
   11; [ 24,   812, 0.13]
   11; [ 25,   775, 0.13]
   11; [ 26,   671, 0.13]
   11; [ 27,   473, 0.13]
   11; [ 28,   788, 0.12]
   11; [ 29,   661, 0.12]
   11; [ 30,   489, 0.12]
   11; [ 31,  1002, 0.12]
   11; [ 32,   518, 0.12]
   11; [ 33,   697, 0.11]
   11; [ 34,   483, 0.11]
   11; [ 35,   158, 0.11]
   11; [ 36,    35, 0.11]
   11; [ 37,  1178, 0.11]
   11; [ 38,   301, 0.10]
   11; [ 39,  1176, 0.10]
   11; [ 40,  1119, 0.10]
   12; [  1,   834, 0.32]
   12; [  2,    32, 0.20]
   12; [  3,    46, 0.18]
   12; [  4,   872, 0.18]
   12; [  5,   443, 0.16]
   12; [  6,   649, 0.16]
   12; [  7,   500, 0.16]
   12; [  8,   255, 0.15]
   12; [  9,   289, 0.13]
   12; [ 10,   186, 0.13]
   12; [ 11,  1221, 0.13]
   12; [ 12,   381, 0.13]
   12; [ 13,   428, 0.12]
   12; [ 14,  1051, 0.12]
   12; [ 15,   772, 0.12]
   12; [ 16,   566, 0.12]
   12; [ 17,   430, 0.12]
   12; [ 18,   755, 0.12]
   12; [ 19,   896, 0.12]
   12; [ 20,    23, 0.11]
   12; [ 21,    14, 0.11]
   12; [ 22,   466, 0.11]
   12; [ 23,  1011, 0.11]
   12; [ 24,   374, 0.10]
   12; [ 25,    26, 0.10]
   13; [  1,    10, 0.18]
   13; [  2,   496, 0.18]
   13; [  3,   682, 0.18]
   13; [  4,  1008, 0.16]
   13; [  5,   156, 0.15]
   13; [  6,   770, 0.14]
   13; [  7,  1124, 0.14]
   13; [  8,   920, 0.13]
   13; [  9,  1076, 0.12]
   13; [ 10,   919, 0.12]
   13; [ 11,  1158, 0.12]
   13; [ 12,   601, 0.12]
   13; [ 13,   791, 0.12]
   13; [ 14,  1186, 0.11]
   13; [ 15,   635, 0.11]
   13; [ 16,   479, 0.11]
   13; [ 17,   344, 0.11]
   13; [ 18,   921, 0.11]
   13; [ 19,   944, 0.11]
   13; [ 20,   647, 0.10]
   13; [ 21,   978, 0.10]
   14; [  1,   204, 0.27]
   14; [  2,  1214, 0.25]
   14; [  3,   595, 0.25]
   14; [  4,   584, 0.20]
   14; [  5,   129, 0.20]
   14; [  6,   798, 0.20]
   14; [  7,   465, 0.19]
   14; [  8,   697, 0.18]
   14; [  9,   422, 0.16]
   14; [ 10,   791, 0.15]
   14; [ 11,  1164, 0.15]
   14; [ 12,   174, 0.14]
   14; [ 13,   211, 0.14]
   14; [ 14,   843, 0.14]
   14; [ 15,   150, 0.14]
   14; [ 16,   882, 0.14]
   14; [ 17,   370, 0.14]
   14; [ 18,   643, 0.13]
   14; [ 19,   645, 0.13]
   14; [ 20,   896, 0.13]
   14; [ 21,  1186, 0.12]
   14; [ 22,   913, 0.12]
   14; [ 23,  1150, 0.12]
   14; [ 24,   210, 0.12]
   14; [ 25,   930, 0.12]
   14; [ 26,   653, 0.11]
   14; [ 27,   443, 0.11]
   14; [ 28,   920, 0.11]
   14; [ 29,   413, 0.11]
   14; [ 30,   899, 0.11]
   14; [ 31,   815, 0.11]
   14; [ 32,   984, 0.11]
   14; [ 33,   632, 0.11]
   14; [ 34,  1124, 0.11]
   14; [ 35,   581, 0.10]
   14; [ 36,   763, 0.10]
   14; [ 37,  1158, 0.10]
   15; [  1,  1062, 0.22]
   15; [  2,   443, 0.15]
   15; [  3,  1013, 0.15]
   15; [  4,   398, 0.14]
   15; [  5,    59, 0.14]
   15; [  6,   642, 0.14]
   15; [  7,   603, 0.14]
   15; [  8,    96, 0.13]
   15; [  9,    64, 0.13]
   15; [ 10,    99, 0.13]
   15; [ 11,   359, 0.12]
   15; [ 12,   601, 0.12]
   15; [ 13,   549, 0.12]
   15; [ 14,   370, 0.11]
   15; [ 15,  1012, 0.11]
   15; [ 16,   422, 0.11]
   15; [ 17,   516, 0.11]
   15; [ 18,   978, 0.11]
   15; [ 19,   156, 0.10]
   15; [ 20,   423, 0.10]
   15; [ 21,   207, 0.10]
   15; [ 22,   770, 0.10]
   16; [  1,    36, 0.25]
   16; [  2,   799, 0.24]
   16; [  3,   991, 0.20]
   16; [  4,  1226, 0.18]
   16; [  5,   908, 0.17]
   16; [  6,   473, 0.16]
   16; [  7,   834, 0.16]
   16; [  8,   798, 0.16]
   16; [  9,   333, 0.15]
   16; [ 10,   649, 0.15]
   16; [ 11,   234, 0.15]
   16; [ 12,   301, 0.14]
   16; [ 13,   443, 0.14]
   16; [ 14,   198, 0.14]
   16; [ 15,   875, 0.13]
   16; [ 16,    96, 0.13]
   16; [ 17,   900, 0.13]
   16; [ 18,  1099, 0.13]
   16; [ 19,   788, 0.13]
   16; [ 20,  1184, 0.12]
   16; [ 21,   661, 0.12]
   16; [ 22,     3, 0.12]
   16; [ 23,   772, 0.12]
   16; [ 24,   690, 0.12]
   16; [ 25,   659, 0.11]
   16; [ 26,   801, 0.11]
   16; [ 27,   550, 0.11]
   16; [ 28,   113, 0.11]
   16; [ 29,    17, 0.10]
   16; [ 30,  1119, 0.10]
   16; [ 31,  1234, 0.10]
   16; [ 32,   763, 0.10]
   17; [  1,   816, 0.19]
   17; [  2,   810, 0.19]
   17; [  3,   455, 0.16]
   17; [  4,   888, 0.16]
   17; [  5,   830, 0.16]
   17; [  6,   603, 0.16]
   17; [  7,   327, 0.15]
   17; [  8,   696, 0.15]
   17; [  9,  1107, 0.15]
   17; [ 10,  1012, 0.15]
   17; [ 11,   823, 0.14]
   17; [ 12,   489, 0.14]
   17; [ 13,  1115, 0.13]
   17; [ 14,   362, 0.13]
   17; [ 15,    89, 0.12]
   17; [ 16,   185, 0.12]
   17; [ 17,   673, 0.11]
   17; [ 18,   424, 0.11]
   17; [ 19,    90, 0.11]
   17; [ 20,   543, 0.10]
   17; [ 21,  1008, 0.10]
   17; [ 22,   225, 0.10]
   18; [  1,  1016, 0.21]
   18; [  2,   992, 0.19]
   18; [  3,  1089, 0.18]
   18; [  4,   129, 0.13]
   18; [  5,   291, 0.13]
   18; [  6,   688, 0.12]
   18; [  7,   656, 0.12]
   18; [  8,   313, 0.10]
   18; [  9,   924, 0.10]
   18; [ 10,  1215, 0.10]
   19; [  1,  1234, 0.18]
   19; [  2,   823, 0.16]
   19; [  3,   648, 0.16]
   19; [  4,   852, 0.16]
   19; [  5,   770, 0.15]
   19; [  6,    51, 0.15]
   19; [  7,    64, 0.14]
   19; [  8,   733, 0.14]
   19; [  9,   936, 0.13]
   19; [ 10,   816, 0.13]
   19; [ 11,  1101, 0.13]
   19; [ 12,   559, 0.13]
   19; [ 13,    17, 0.13]
   19; [ 14,   510, 0.12]
   19; [ 15,  1012, 0.12]
   19; [ 16,   645, 0.12]
   19; [ 17,   799, 0.12]
   19; [ 18,   443, 0.12]
   19; [ 19,    49, 0.12]
   19; [ 20,   156, 0.12]
   19; [ 21,   370, 0.11]
   19; [ 22,   901, 0.11]
   19; [ 23,   398, 0.11]
   19; [ 24,  1000, 0.11]
   19; [ 25,   238, 0.11]
   19; [ 26,  1028, 0.11]
   19; [ 27,    58, 0.10]
   19; [ 28,   392, 0.10]
   19; [ 29,  1087, 0.10]
   19; [ 30,   135, 0.10]
   19; [ 31,   583, 0.10]
   20; [  1,  1215, 0.26]
   20; [  2,   810, 0.24]
   20; [  3,   540, 0.21]
   20; [  4,   924, 0.21]
   20; [  5,   207, 0.21]
   20; [  6,  1239, 0.20]
   20; [  7,   816, 0.18]
   20; [  8,  1066, 0.18]
   20; [  9,   758, 0.18]
   20; [ 10,  1168, 0.18]
   20; [ 11,   919, 0.16]
   20; [ 12,   208, 0.16]
   20; [ 13,   283, 0.16]
   20; [ 14,   970, 0.16]
   20; [ 15,   292, 0.16]
   20; [ 16,   603, 0.15]
   20; [ 17,   830, 0.15]
   20; [ 18,  1150, 0.15]
   20; [ 19,   962, 0.15]
   20; [ 20,   126, 0.15]
   20; [ 21,  1213, 0.14]
   20; [ 22,   424, 0.13]
   20; [ 23,   662, 0.13]
   20; [ 24,  1115, 0.13]
   20; [ 25,  1050, 0.12]
   20; [ 26,    89, 0.12]
   20; [ 27,   286, 0.11]
   20; [ 28,  1107, 0.11]
   20; [ 29,   278, 0.10]
   20; [ 30,   673, 0.10]
   20; [ 31,   730, 0.10]
   20; [ 32,  1087, 0.10]
   20; [ 33,   332, 0.10]
   20; [ 34,   752, 0.10]
   21; [  1,    68, 0.20]
   21; [  2,   126, 0.17]
   21; [  3,  1158, 0.16]
   21; [  4,   613, 0.16]
   21; [  5,   449, 0.12]
   21; [  6,   331, 0.11]
   21; [  7,   251, 0.11]
   22; [  1,   871, 0.27]
   22; [  2,   881, 0.23]
   22; [  3,   671, 0.22]
   22; [  4,   343, 0.19]
   22; [  5,  1144, 0.18]
   22; [  6,   480, 0.18]
   22; [  7,   610, 0.17]
   22; [  8,   514, 0.16]
   22; [  9,   247, 0.15]
   22; [ 10,   874, 0.14]
   22; [ 11,   104, 0.14]
   22; [ 12,   934, 0.13]
   22; [ 13,   392, 0.13]
   22; [ 14,    42, 0.12]
   22; [ 15,   880, 0.12]
   22; [ 16,   645, 0.12]
   22; [ 17,   113, 0.12]
   22; [ 18,   120, 0.12]
   22; [ 19,   167, 0.11]
   22; [ 20,   365, 0.11]
   22; [ 21,   866, 0.11]
   22; [ 22,   790, 0.10]
   22; [ 23,   328, 0.10]
   23; [  1,   432, 0.22]
   23; [  2,   247, 0.21]
   23; [  3,  1080, 0.19]
   23; [  4,     9, 0.16]
   23; [  5,    99, 0.16]
   23; [  6,   874, 0.15]
   23; [  7,    46, 0.15]
   23; [  8,   490, 0.13]
   23; [  9,  1018, 0.13]
   23; [ 10,   841, 0.13]
   23; [ 11,    60, 0.13]
   23; [ 12,   796, 0.12]
   23; [ 13,   545, 0.12]
   23; [ 14,   779, 0.12]
   23; [ 15,   241, 0.12]
   23; [ 16,   770, 0.12]
   23; [ 17,  1091, 0.12]
   23; [ 18,    42, 0.12]
   23; [ 19,   863, 0.12]
   23; [ 20,   582, 0.11]
   23; [ 21,   728, 0.11]
   23; [ 22,   197, 0.11]
   23; [ 23,  1204, 0.11]
   23; [ 24,   167, 0.11]
   23; [ 25,   476, 0.11]
   23; [ 26,   978, 0.10]
   24; [  1,   477, 0.24]
   24; [  2,   553, 0.17]
   24; [  3,  1139, 0.16]
   24; [  4,  1007, 0.16]
   24; [  5,   793, 0.16]
   24; [  6,   566, 0.14]
   24; [  7,    20, 0.13]
   24; [  8,    45, 0.11]
   24; [  9,   309, 0.11]
   24; [ 10,   285, 0.10]
   25; [  1,   921, 0.17]
   25; [  2,   237, 0.16]
   25; [  3,   366, 0.15]
   25; [  4,  1225, 0.14]
   25; [  5,  1068, 0.14]
   25; [  6,   142, 0.14]
   25; [  7,  1201, 0.13]
   25; [  8,   645, 0.13]
   25; [  9,   106, 0.13]
   25; [ 10,   153, 0.12]
   25; [ 11,  1194, 0.12]
   25; [ 12,   411, 0.11]
   25; [ 13,  1119, 0.11]
   25; [ 14,   913, 0.11]
   25; [ 15,   328, 0.11]
   25; [ 16,   464, 0.11]
   25; [ 17,   773, 0.11]
   25; [ 18,   236, 0.10]
   25; [ 19,   534, 0.10]
   25; [ 20,  1221, 0.10]
   25; [ 21,   225, 0.10]
   26; [  1,  1061, 0.26]
   26; [  2,   881, 0.23]
   26; [  3,   442, 0.17]
   26; [  4,   807, 0.17]
   26; [  5,  1156, 0.16]
   26; [  6,   842, 0.15]
   26; [  7,   338, 0.15]
   26; [  8,   104, 0.14]
   26; [  9,   785, 0.14]
   26; [ 10,   289, 0.14]
   26; [ 11,   851, 0.13]
   26; [ 12,   217, 0.13]
   26; [ 13,   199, 0.13]
   26; [ 14,   407, 0.12]
   26; [ 15,   420, 0.12]
   26; [ 16,  1144, 0.12]
   26; [ 17,   337, 0.12]
   26; [ 18,   221, 0.12]
   26; [ 19,  1026, 0.12]
   26; [ 20,   193, 0.11]
   26; [ 21,   433, 0.11]
   26; [ 22,   966, 0.11]
   26; [ 23,   515, 0.11]
   26; [ 24,    86, 0.11]
   27; [  1,   599, 0.28]
   27; [  2,   905, 0.24]
   27; [  3,    69, 0.14]
   27; [  4,   949, 0.13]
   27; [  5,   921, 0.13]
   27; [  6,   977, 0.13]
   27; [  7,   543, 0.12]
   27; [  8,   995, 0.11]
   27; [  9,   766, 0.11]
   27; [ 10,  1213, 0.11]
   28; [  1,   477, 0.28]
   28; [  2,   352, 0.23]
   28; [  3,   398, 0.22]
   28; [  4,   351, 0.20]
   28; [  5,  1166, 0.18]
   28; [  6,   262, 0.16]
   28; [  7,   720, 0.15]
   28; [  8,   610, 0.12]
   28; [  9,   808, 0.11]
   28; [ 10,   807, 0.11]
   28; [ 11,  1239, 0.11]
   28; [ 12,   322, 0.10]
   28; [ 13,   230, 0.10]
   29; [  1,   799, 0.28]
   29; [  2,  1239, 0.18]
   29; [  3,   687, 0.18]
   29; [  4,   230, 0.16]
   29; [  5,  1062, 0.16]
   29; [  6,   107, 0.15]
   29; [  7,   406, 0.15]
   29; [  8,  1204, 0.14]
   29; [  9,   398, 0.13]
   29; [ 10,   611, 0.13]
   29; [ 11,   240, 0.12]
   29; [ 12,   262, 0.12]
   29; [ 13,   665, 0.12]
   29; [ 14,   942, 0.11]
   29; [ 15,   244, 0.11]
   29; [ 16,   720, 0.11]
   29; [ 17,  1198, 0.10]
   29; [ 18,   297, 0.10]
   30; [  1,  1177, 0.21]
   30; [  2,   477, 0.20]
   30; [  3,  1224, 0.19]
   30; [  4,  1084, 0.19]
   30; [  5,  1001, 0.19]
   30; [  6,   557, 0.19]
   30; [  7,   464, 0.17]
   30; [  8,    43, 0.16]
   30; [  9,  1195, 0.14]
   30; [ 10,   858, 0.13]
   30; [ 11,   162, 0.13]
   30; [ 12,   911, 0.13]
   30; [ 13,   247, 0.13]
   30; [ 14,  1031, 0.13]
   30; [ 15,   411, 0.13]
   30; [ 16,  1096, 0.12]
   30; [ 17,   329, 0.12]
   30; [ 18,   221, 0.12]
   30; [ 19,   203, 0.11]
   30; [ 20,  1080, 0.10]
   30; [ 21,   760, 0.10]
   31; [  1,   433, 0.31]
   31; [  2,   332, 0.25]
   31; [  3,   651, 0.22]
   31; [  4,   586, 0.16]
   31; [  5,   760, 0.16]
   31; [  6,    43, 0.15]
   31; [  7,  1182, 0.13]
   31; [  8,   730, 0.12]
   31; [  9,   837, 0.11]
   31; [ 10,   467, 0.11]
   32; [  1,   389, 0.34]
   32; [  2,   184, 0.23]
   32; [  3,  1080, 0.17]
   32; [  4,  1179, 0.16]
   32; [  5,   628, 0.13]
   32; [  6,  1038, 0.12]
   32; [  7,   506, 0.11]
   32; [  8,  1194, 0.11]
   32; [  9,   838, 0.11]
   32; [ 10,   882, 0.10]
   33; [  1,   534, 0.19]
   33; [  2,   811, 0.16]
   33; [  3,   165, 0.14]
   33; [  4,  1008, 0.14]
   33; [  5,   126, 0.13]
   33; [  6,   260, 0.12]
   33; [  7,   470, 0.11]
   33; [  8,    80, 0.11]
   34; [  1,   916, 0.29]
   34; [  2,   404, 0.21]
   34; [  3,   929, 0.19]
   34; [  4,   471, 0.16]
   34; [  5,   611, 0.16]
   34; [  6,   210, 0.15]
   34; [  7,  1074, 0.15]
   34; [  8,   337, 0.14]
   34; [  9,   978, 0.13]
   34; [ 10,   877, 0.13]
   34; [ 11,   302, 0.12]
   34; [ 12,    81, 0.11]
   34; [ 13,   151, 0.11]
   34; [ 14,   981, 0.11]
   34; [ 15,   482, 0.11]
   34; [ 16,   785, 0.10]
   34; [ 17,   773, 0.10]
   35; [  1,    44, 0.23]
   35; [  2,   913, 0.21]
   35; [  3,  1203, 0.20]
   35; [  4,  1105, 0.17]
   35; [  5,    59, 0.17]
   35; [  6,   235, 0.16]
   35; [  7,   210, 0.15]
   35; [  8,   336, 0.14]
   35; [  9,   114, 0.14]
   35; [ 10,   825, 0.13]
   35; [ 11,   867, 0.13]
   35; [ 12,  1113, 0.12]
   35; [ 13,   746, 0.12]
   35; [ 14,   207, 0.12]
   35; [ 15,    31, 0.11]
   35; [ 16,   916, 0.11]
   35; [ 17,  1081, 0.11]
   35; [ 18,  1038, 0.11]
   35; [ 19,   740, 0.10]
   35; [ 20,   254, 0.10]
   35; [ 21,   204, 0.10]
   35; [ 22,   798, 0.10]
   36; [  1,   766, 0.22]
   36; [  2,   636, 0.21]
   36; [  3,  1058, 0.21]
   36; [  4,    66, 0.19]
   36; [  5,   721, 0.18]
   36; [  6,  1037, 0.16]
   36; [  7,   526, 0.16]
   36; [  8,   522, 0.14]
   36; [  9,    94, 0.14]
   36; [ 10,   325, 0.14]
   36; [ 11,   612, 0.14]
   36; [ 12,   337, 0.13]
   36; [ 13,   655, 0.12]
   36; [ 14,   461, 0.11]
   36; [ 15,  1215, 0.11]
   36; [ 16,   929, 0.11]
   37; [  1,   894, 0.31]
   37; [  2,   697, 0.24]
   37; [  3,   903, 0.20]
   37; [  4,   488, 0.18]
   37; [  5,  1174, 0.18]
   37; [  6,   247, 0.17]
   37; [  7,   534, 0.15]
   37; [  8,   817, 0.14]
   37; [  9,   831, 0.14]
   37; [ 10,   835, 0.14]
   37; [ 11,   492, 0.14]
   37; [ 12,   627, 0.14]
   37; [ 13,   175, 0.13]
   37; [ 14,   600, 0.13]
   37; [ 15,  1133, 0.13]
   37; [ 16,   796, 0.12]
   37; [ 17,   491, 0.12]
   37; [ 18,   165, 0.12]
   37; [ 19,   403, 0.12]
   37; [ 20,   774, 0.12]
   37; [ 21,   811, 0.11]
   37; [ 22,  1028, 0.11]
   37; [ 23,  1128, 0.11]
   37; [ 24,   482, 0.11]
   37; [ 25,   465, 0.11]
   37; [ 26,   717, 0.11]
   37; [ 27,   318, 0.11]
   37; [ 28,   260, 0.10]
   37; [ 29,   912, 0.10]
   37; [ 30,  1117, 0.10]
   37; [ 31,  1080, 0.10]
   37; [ 32,   670, 0.10]
   37; [ 33,  1182, 0.10]
   38; [  1,   513, 0.29]
   38; [  2,   752, 0.23]
   38; [  3,   979, 0.21]
   38; [  4,   161, 0.20]
   38; [  5,   207, 0.20]
   38; [  6,   599, 0.19]
   38; [  7,  1219, 0.19]
   38; [  8,   846, 0.18]
   38; [  9,   858, 0.17]
   38; [ 10,   350, 0.17]
   38; [ 11,   472, 0.16]
   38; [ 12,    99, 0.16]
   38; [ 13,   510, 0.15]
   38; [ 14,   421, 0.15]
   38; [ 15,   600, 0.15]
   38; [ 16,  1183, 0.15]
   38; [ 17,   684, 0.14]
   38; [ 18,  1005, 0.14]
   38; [ 19,    89, 0.14]
   38; [ 20,   611, 0.13]
   38; [ 21,   786, 0.13]
   38; [ 22,   722, 0.13]
   38; [ 23,   704, 0.13]
   38; [ 24,   377, 0.13]
   38; [ 25,   465, 0.13]
   38; [ 26,  1216, 0.12]
   38; [ 27,   185, 0.11]
   38; [ 28,    95, 0.11]
   38; [ 29,   202, 0.11]
   38; [ 30,   612, 0.10]
   38; [ 31,    14, 0.10]
   39; [  1,   752, 0.21]
   39; [  2,   419, 0.21]
   39; [  3,   339, 0.20]
   39; [  4,    59, 0.17]
   39; [  5,   479, 0.16]
   39; [  6,   444, 0.15]
   39; [  7,   898, 0.15]
   39; [  8,   340, 0.15]
   39; [  9,   223, 0.15]
   39; [ 10,   555, 0.14]
   39; [ 11,   574, 0.14]
   39; [ 12,   695, 0.14]
   39; [ 13,   647, 0.13]
   39; [ 14,   494, 0.12]
   39; [ 15,   880, 0.11]
   39; [ 16,  1161, 0.11]
   39; [ 17,  1210, 0.11]
   39; [ 18,   430, 0.11]
   39; [ 19,   560, 0.11]
   39; [ 20,   488, 0.11]
   39; [ 21,   532, 0.11]
   40; [  1,    36, 0.27]
   40; [  2,    77, 0.16]
   40; [  3,   350, 0.16]
   40; [  4,     3, 0.15]
   40; [  5,   465, 0.15]
   40; [  6,   113, 0.14]
   40; [  7,   145, 0.13]
   40; [  8,   798, 0.12]
   40; [  9,  1234, 0.12]
   40; [ 10,   422, 0.11]
   40; [ 11,  1011, 0.11]
   40; [ 12,   844, 0.10]
   41; [  1,  1190, 0.45]
   41; [  2,   493, 0.28]
   41; [  3,  1107, 0.21]
   41; [  4,   157, 0.20]
   41; [  5,   581, 0.20]
   41; [  6,   974, 0.19]
   41; [  7,   165, 0.15]
   41; [  8,  1215, 0.15]
   41; [  9,   992, 0.15]
   41; [ 10,  1239, 0.14]
   41; [ 11,   413, 0.14]
   41; [ 12,   283, 0.13]
   41; [ 13,   399, 0.13]
   41; [ 14,   603, 0.13]
   41; [ 15,   495, 0.12]
   41; [ 16,   878, 0.12]
   41; [ 17,   794, 0.12]
   41; [ 18,   510, 0.11]
   41; [ 19,  1108, 0.11]
   41; [ 20,  1106, 0.11]
   41; [ 21,   126, 0.11]
   41; [ 22,   642, 0.11]
   41; [ 23,   856, 0.11]
   41; [ 24,    46, 0.11]
   41; [ 25,   540, 0.11]
   41; [ 26,   613, 0.11]
   41; [ 27,   414, 0.10]
   41; [ 28,   601, 0.10]
   41; [ 29,   919, 0.10]
   42; [  1,   337, 0.32]
   42; [  2,   601, 0.27]
   42; [  3,    92, 0.24]
   42; [  4,   695, 0.24]
   42; [  5,   585, 0.24]
   42; [  6,   209, 0.21]
   42; [  7,   317, 0.21]
   42; [  8,   416, 0.20]
   42; [  9,   493, 0.16]
   42; [ 10,   314, 0.15]
   42; [ 11,   129, 0.14]
   42; [ 12,  1190, 0.12]
   42; [ 13,   495, 0.12]
   42; [ 14,  1085, 0.12]
   42; [ 15,   446, 0.11]
   43; [  1,   781, 0.22]
   43; [  2,   297, 0.18]
   43; [  3,    94, 0.17]
   43; [  4,   997, 0.16]
   43; [  5,   927, 0.16]
   43; [  6,   268, 0.16]
   43; [  7,   833, 0.15]
   43; [  8,   763, 0.15]
   43; [  9,    96, 0.14]
   43; [ 10,   199, 0.14]
   43; [ 11,   929, 0.13]
   43; [ 12,  1058, 0.13]
   43; [ 13,  1021, 0.13]
   43; [ 14,   776, 0.12]
   43; [ 15,   471, 0.12]
   43; [ 16,  1105, 0.12]
   43; [ 17,   403, 0.11]
   43; [ 18,   519, 0.10]
   43; [ 19,   404, 0.10]
   43; [ 20,   470, 0.10]
   43; [ 21,   135, 0.10]
   43; [ 22,   621, 0.10]
   43; [ 23,   361, 0.10]
   43; [ 24,  1183, 0.10]
   44; [  1,   319, 0.18]
   44; [  2,   570, 0.16]
   44; [  3,   535, 0.15]
   44; [  4,   309, 0.14]
   44; [  5,   500, 0.14]
   44; [  6,  1223, 0.14]
   44; [  7,  1194, 0.14]
   44; [  8,   530, 0.11]
   44; [  9,   516, 0.11]
   44; [ 10,  1057, 0.10]
   44; [ 11,   364, 0.10]
   45; [  1,   919, 0.21]
   45; [  2,  1159, 0.21]
   45; [  3,   493, 0.20]
   45; [  4,   538, 0.20]
   45; [  5,   924, 0.19]
   45; [  6,   961, 0.17]
   45; [  7,  1190, 0.15]
   45; [  8,   803, 0.15]
   45; [  9,   566, 0.14]
   45; [ 10,   287, 0.13]
   45; [ 11,   856, 0.12]
   45; [ 12,   443, 0.12]
   45; [ 13,   208, 0.11]
   45; [ 14,    72, 0.11]
   45; [ 15,   170, 0.11]
   45; [ 16,  1194, 0.11]
   45; [ 17,   440, 0.10]
   45; [ 18,   373, 0.10]
   46; [  1,    51, 0.53]
   46; [  2,  1212, 0.30]
   46; [  3,    53, 0.29]
   46; [  4,   171, 0.13]
   46; [  5,    52, 0.12]
   46; [  6,   856, 0.12]
   46; [  7,   820, 0.12]
   46; [  8,   861, 0.12]
   46; [  9,   302, 0.10]
   47; [  1,   973, 0.21]
   47; [  2,    92, 0.20]
   47; [  3,   840, 0.19]
   47; [  4,   493, 0.18]
   47; [  5,   935, 0.16]
   47; [  6,   719, 0.14]
   47; [  7,  1190, 0.14]
   47; [  8,   508, 0.13]
   47; [  9,   399, 0.12]
   47; [ 10,   495, 0.12]
   47; [ 11,    26, 0.10]
   47; [ 12,   642, 0.10]
   47; [ 13,    72, 0.10]
   47; [ 14,  1150, 0.10]
   47; [ 15,   566, 0.10]
   48; [  1,   718, 0.25]
   48; [  2,   300, 0.22]
   48; [  3,   719, 0.16]
   48; [  4,   875, 0.15]
   48; [  5,  1053, 0.12]
   48; [  6,   625, 0.12]
   48; [  7,  1057, 0.11]
   49; [  1,   493, 1.11]
   49; [  2,   436, 0.31]
   49; [  3,   138, 0.30]
   49; [  4,   504, 0.27]
   49; [  5,   568, 0.25]
   49; [  6,   143, 0.18]
   49; [  7,   523, 0.15]
   49; [  8,   553, 0.13]
   49; [  9,  1190, 0.12]
   49; [ 10,   691, 0.12]
   49; [ 11,   230, 0.11]
   49; [ 12,   137, 0.10]
   49; [ 13,   563, 0.10]
   50; [  1,   848, 0.25]
   50; [  2,   495, 0.17]
   50; [  3,   548, 0.14]
   50; [  4,   435, 0.14]
   50; [  5,   493, 0.13]
   50; [  6,   973, 0.13]
   50; [  7,   197, 0.12]
   50; [  8,   208, 0.11]
   50; [  9,  1190, 0.10]
   51; [  1,   444, 0.17]
   51; [  2,   670, 0.15]
   51; [  3,   728, 0.15]
   51; [  4,  1102, 0.14]
   51; [  5,   496, 0.14]
   51; [  6,   513, 0.14]
   51; [  7,  1185, 0.14]
   51; [  8,   568, 0.11]
   51; [  9,   570, 0.11]
   51; [ 10,   978, 0.11]
   51; [ 11,   862, 0.11]
   51; [ 12,  1234, 0.10]
   51; [ 13,   114, 0.10]
   52; [  1,   406, 0.31]
   53; [  1,  1229, 0.31]
   53; [  2,  1228, 0.27]
   53; [  3,  1170, 0.25]
   53; [  4,  1173, 0.23]
   53; [  5,  1172, 0.17]
   53; [  6,   401, 0.17]
   53; [  7,   187, 0.16]
   53; [  8,   271, 0.15]
   53; [  9,    61, 0.15]
   53; [ 10,   983, 0.14]
   53; [ 11,   987, 0.14]
   53; [ 12,   609, 0.14]
   53; [ 13,     1, 0.14]
   53; [ 14,   469, 0.14]
   53; [ 15,   800, 0.14]
   53; [ 16,  1102, 0.13]
   53; [ 17,   347, 0.11]
   53; [ 18,   592, 0.11]
   53; [ 19,   912, 0.11]
   53; [ 20,    25, 0.11]
   53; [ 21,  1192, 0.10]
   53; [ 22,   188, 0.10]
   53; [ 23,   555, 0.10]
   54; [  1,   432, 0.22]
   54; [  2,   488, 0.22]
   54; [  3,   402, 0.19]
   54; [  4,   631, 0.19]
   54; [  5,   229, 0.18]
   54; [  6,   793, 0.17]
   54; [  7,  1169, 0.17]
   54; [  8,  1060, 0.17]
   54; [  9,   682, 0.16]
   54; [ 10,  1163, 0.16]
   54; [ 11,   485, 0.16]
   54; [ 12,   623, 0.14]
   54; [ 13,  1212, 0.14]
   54; [ 14,  1013, 0.14]
   54; [ 15,   369, 0.13]
   54; [ 16,    11, 0.13]
   54; [ 17,   382, 0.13]
   54; [ 18,   819, 0.13]
   54; [ 19,   672, 0.12]
   54; [ 20,    21, 0.12]
   54; [ 21,   626, 0.11]
   54; [ 22,   184, 0.11]
   54; [ 23,   273, 0.11]
   54; [ 24,   632, 0.11]
   54; [ 25,   228, 0.10]
   54; [ 26,   324, 0.10]
   54; [ 27,  1049, 0.10]
   55; [  1,  1013, 0.16]
   55; [  2,   426, 0.14]
   55; [  3,   373, 0.12]
   55; [  4,   447, 0.12]
   55; [  5,  1177, 0.11]
   56; [  1,  1102, 0.37]
   56; [  2,  1143, 0.17]
   56; [  3,   347, 0.13]
   56; [  4,   933, 0.12]
   56; [  5,   133, 0.12]
   56; [  6,   983, 0.11]
   56; [  7,   609, 0.11]
   56; [  8,   200, 0.11]
   56; [  9,   432, 0.11]
   56; [ 10,   317, 0.11]
   56; [ 11,    80, 0.10]
   57; [  1,   987, 0.22]
   57; [  2,    80, 0.19]
   57; [  3,    81, 0.17]
   57; [  4,   223, 0.16]
   57; [  5,   989, 0.15]
   57; [  6,  1089, 0.14]
   57; [  7,  1102, 0.14]
   57; [  8,   178, 0.13]
   57; [  9,   591, 0.13]
   57; [ 10,   275, 0.13]
   57; [ 11,   601, 0.13]
   57; [ 12,   369, 0.13]
   57; [ 13,   905, 0.12]
   57; [ 14,   282, 0.12]
   57; [ 15,   912, 0.12]
   57; [ 16,   447, 0.12]
   57; [ 17,   147, 0.11]
   57; [ 18,  1171, 0.11]
   57; [ 19,   459, 0.11]
   57; [ 20,   802, 0.11]
   57; [ 21,   589, 0.11]
   57; [ 22,   265, 0.11]
   57; [ 23,   110, 0.11]
   57; [ 24,   986, 0.10]
   57; [ 25,   176, 0.10]
   57; [ 26,   959, 0.10]
   57; [ 27,  1234, 0.10]
   57; [ 28,   122, 0.10]
   58; [  1,    16, 0.23]
   58; [  2,   505, 0.19]
   58; [  3,   400, 0.18]
   58; [  4,   874, 0.15]
   58; [  5,    57, 0.13]
   58; [  6,   521, 0.12]
   58; [  7,   347, 0.11]
   58; [  8,   590, 0.11]
   58; [  9,   437, 0.11]
   58; [ 10,   800, 0.11]
   58; [ 11,   696, 0.10]
   58; [ 12,   427, 0.10]
   58; [ 13,   903, 0.10]
   58; [ 14,  1170, 0.10]
   58; [ 15,   160, 0.10]
   59; [  1,    16, 0.28]
   59; [  2,   400, 0.16]
   59; [  3,   170, 0.15]
   59; [  4,   505, 0.15]
   59; [  5,   521, 0.13]
   60; [  1,  1004, 0.19]
   60; [  2,  1016, 0.18]
   60; [  3,   348, 0.16]
   60; [  4,  1130, 0.15]
   60; [  5,   660, 0.14]
   60; [  6,  1150, 0.10]
   61; [  1,   196, 0.26]
   61; [  2,   969, 0.26]
   61; [  3,   502, 0.23]
   61; [  4,   685, 0.20]
   61; [  5,   501, 0.20]
   61; [  6,   570, 0.19]
   61; [  7,  1079, 0.16]
   61; [  8,   754, 0.15]
   61; [  9,   195, 0.15]
   61; [ 10,   511, 0.15]
   61; [ 11,   481, 0.14]
   61; [ 12,   370, 0.14]
   61; [ 13,   605, 0.14]
   61; [ 14,   490, 0.14]
   61; [ 15,   437, 0.14]
   61; [ 16,   383, 0.13]
   61; [ 17,   590, 0.11]
   61; [ 18,    25, 0.11]
   61; [ 19,    80, 0.11]
   61; [ 20,   135, 0.11]
   61; [ 21,   432, 0.11]
   61; [ 22,   827, 0.11]
   61; [ 23,   159, 0.11]
   61; [ 24,  1092, 0.10]
   61; [ 25,  1173, 0.10]
   61; [ 26,   614, 0.10]
   61; [ 27,   160, 0.10]
   61; [ 28,     1, 0.10]
   61; [ 29,   177, 0.10]
   62; [  1,   682, 0.26]
   62; [  2,    10, 0.25]
   62; [  3,   920, 0.20]
   62; [  4,   919, 0.17]
   62; [  5,   479, 0.16]
   62; [  6,  1158, 0.16]
   62; [  7,   944, 0.16]
   62; [  8,  1004, 0.16]
   62; [  9,   819, 0.16]
   62; [ 10,  1186, 0.15]
   62; [ 11,   496, 0.15]
   62; [ 12,   348, 0.14]
   62; [ 13,   647, 0.14]
   62; [ 14,    64, 0.14]
   62; [ 15,   208, 0.14]
   62; [ 16,   491, 0.13]
   62; [ 17,   690, 0.13]
   62; [ 18,   301, 0.13]
   62; [ 19,   719, 0.12]
   62; [ 20,    63, 0.11]
   62; [ 21,    60, 0.11]
   62; [ 22,  1024, 0.11]
   62; [ 23,   599, 0.11]
   62; [ 24,   423, 0.11]
   62; [ 25,   763, 0.11]
   62; [ 26,  1169, 0.10]
   62; [ 27,   262, 0.10]
   62; [ 28,  1212, 0.10]
   63; [  1,   196, 0.15]
   63; [  2,   685, 0.15]
   63; [  3,   582, 0.14]
   63; [  4,   577, 0.14]
   63; [  5,  1207, 0.13]
   63; [  6,  1171, 0.13]
   63; [  7,   988, 0.13]
   63; [  8,   368, 0.12]
   63; [  9,  1007, 0.11]
   63; [ 10,   793, 0.11]
   63; [ 11,   400, 0.11]
   63; [ 12,   571, 0.10]
   64; [  1,    27, 0.23]
   64; [  2,   940, 0.21]
   64; [  3,   196, 0.20]
   64; [  4,  1149, 0.17]
   64; [  5,  1006, 0.15]
   64; [  6,   628, 0.15]
   64; [  7,  1024, 0.15]
   64; [  8,   963, 0.14]
   64; [  9,   291, 0.14]
   64; [ 10,   348, 0.14]
   64; [ 11,   414, 0.13]
   64; [ 12,   904, 0.13]
   64; [ 13,   650, 0.12]
   64; [ 14,  1195, 0.12]
   64; [ 15,  1003, 0.12]
   64; [ 16,   897, 0.12]
   64; [ 17,    74, 0.12]
   64; [ 18,  1030, 0.12]
   64; [ 19,   850, 0.12]
   64; [ 20,   548, 0.12]
   64; [ 21,   227, 0.11]
   64; [ 22,   368, 0.11]
   64; [ 23,   372, 0.11]
   64; [ 24,   576, 0.10]
   64; [ 25,   817, 0.10]
   65; [  1,  1150, 0.35]
   65; [  2,   566, 0.20]
   65; [  3,   446, 0.20]
   65; [  4,   170, 0.19]
   65; [  5,    20, 0.19]
   65; [  6,   490, 0.18]
   65; [  7,   814, 0.18]
   65; [  8,  1214, 0.16]
   65; [  9,  1110, 0.16]
   65; [ 10,    96, 0.15]
   65; [ 11,    64, 0.15]
   65; [ 12,  1045, 0.14]
   65; [ 13,   747, 0.14]
   65; [ 14,   443, 0.13]
   65; [ 15,   605, 0.13]
   65; [ 16,    42, 0.13]
   65; [ 17,    16, 0.13]
   65; [ 18,   388, 0.13]
   65; [ 19,  1212, 0.13]
   65; [ 20,   140, 0.12]
   65; [ 21,   904, 0.12]
   65; [ 22,  1047, 0.12]
   65; [ 23,   440, 0.12]
   65; [ 24,   323, 0.11]
   65; [ 25,   189, 0.11]
   65; [ 26,   204, 0.11]
   65; [ 27,   501, 0.11]
   65; [ 28,   714, 0.11]
   65; [ 29,  1013, 0.11]
   65; [ 30,   504, 0.11]
   65; [ 31,   921, 0.11]
   65; [ 32,   608, 0.10]
   65; [ 33,    59, 0.10]
   65; [ 34,    50, 0.10]
   65; [ 35,   602, 0.10]
   65; [ 36,   666, 0.10]
   65; [ 37,  1041, 0.10]
   65; [ 38,  1062, 0.10]
   66; [  1,   763, 0.30]
   66; [  2,   690, 0.22]
   66; [  3,    10, 0.20]
   66; [  4,   682, 0.18]
   66; [  5,   156, 0.16]
   66; [  6,   821, 0.16]
   66; [  7,   920, 0.13]
   66; [  8,   479, 0.13]
   66; [  9,  1158, 0.13]
   66; [ 10,  1004, 0.13]
   66; [ 11,   353, 0.13]
   66; [ 12,   819, 0.13]
   66; [ 13,   912, 0.12]
   66; [ 14,  1192, 0.12]
   66; [ 15,   549, 0.12]
   66; [ 16,   496, 0.12]
   66; [ 17,   919, 0.12]
   66; [ 18,   352, 0.12]
   66; [ 19,   788, 0.12]
   66; [ 20,   519, 0.11]
   66; [ 21,   516, 0.11]
   66; [ 22,   491, 0.11]
   66; [ 23,   944, 0.11]
   66; [ 24,  1186, 0.10]
   66; [ 25,  1106, 0.10]
   66; [ 26,  1197, 0.10]
   66; [ 27,   348, 0.10]
   67; [  1,   806, 0.18]
   67; [  2,   473, 0.16]
   67; [  3,   148, 0.16]
   67; [  4,  1017, 0.16]
   67; [  5,   204, 0.15]
   67; [  6,   422, 0.15]
   67; [  7,   910, 0.15]
   67; [  8,  1234, 0.14]
   67; [  9,   513, 0.14]
   67; [ 10,   692, 0.13]
   67; [ 11,    89, 0.12]
   67; [ 12,   354, 0.11]
   67; [ 13,   550, 0.11]
   67; [ 14,   879, 0.11]
   67; [ 15,   703, 0.11]
   67; [ 16,   346, 0.11]
   67; [ 17,   731, 0.10]
   67; [ 18,   804, 0.10]
   67; [ 19,   913, 0.10]
   68; [  1,    21, 0.25]
   68; [  2,   628, 0.21]
   68; [  3,   543, 0.21]
   68; [  4,   326, 0.16]
   69; [  1,   197, 0.14]
   69; [  2,   321, 0.13]
   69; [  3,  1072, 0.12]
   69; [  4,   332, 0.12]
   69; [  5,   328, 0.12]
   69; [  6,    17, 0.12]
   69; [  7,   907, 0.11]
   69; [  8,   237, 0.11]
   69; [  9,   979, 0.11]
   69; [ 10,   736, 0.11]
   69; [ 11,  1172, 0.10]
   69; [ 12,   285, 0.10]
   69; [ 13,  1009, 0.10]
   69; [ 14,   327, 0.10]
   69; [ 15,   822, 0.10]
   69; [ 16,   732, 0.10]
   70; [  1,   513, 0.22]
   70; [  2,   698, 0.20]
   70; [  3,   204, 0.19]
   70; [  4,  1009, 0.17]
   70; [  5,   692, 0.16]
   70; [  6,  1104, 0.16]
   70; [  7,   842, 0.16]
   70; [  8,   599, 0.15]
   70; [  9,   340, 0.15]
   70; [ 10,   822, 0.14]
   70; [ 11,   942, 0.14]
   70; [ 12,   438, 0.14]
   70; [ 13,   882, 0.14]
   70; [ 14,   910, 0.12]
   70; [ 15,  1093, 0.12]
   70; [ 16,   804, 0.12]
   70; [ 17,   473, 0.11]
   70; [ 18,   983, 0.11]
   70; [ 19,    89, 0.11]
   70; [ 20,  1000, 0.10]
   70; [ 21,   200, 0.10]
   70; [ 22,   446, 0.10]
   70; [ 23,   858, 0.10]
   71; [  1,   547, 0.30]
   71; [  2,  1169, 0.22]
   71; [  3,   910, 0.18]
   71; [  4,   204, 0.16]
   71; [  5,  1005, 0.16]
   71; [  6,   513, 0.15]
   71; [  7,   692, 0.14]
   71; [  8,   297, 0.14]
   71; [  9,    56, 0.13]
   71; [ 10,   731, 0.12]
   71; [ 11,   148, 0.12]
   71; [ 12,   599, 0.10]
   72; [  1,   683, 0.26]
   72; [  2,   733, 0.25]
   72; [  3,    29, 0.22]
   72; [  4,   732, 0.21]
   72; [  5,   461, 0.21]
   72; [  6,   982, 0.19]
   72; [  7,   435, 0.19]
   72; [  8,   398, 0.18]
   72; [  9,   771, 0.17]
   72; [ 10,   682, 0.17]
   72; [ 11,   250, 0.17]
   72; [ 12,   322, 0.15]
   72; [ 13,  1125, 0.13]
   72; [ 14,   979, 0.13]
   72; [ 15,   736, 0.12]
   72; [ 16,   333, 0.12]
   72; [ 17,  1226, 0.12]
   72; [ 18,   698, 0.12]
   72; [ 19,  1239, 0.11]
   72; [ 20,   817, 0.11]
   72; [ 21,   489, 0.11]
   72; [ 22,    11, 0.11]
   72; [ 23,   196, 0.11]
   72; [ 24,   641, 0.10]
   72; [ 25,   685, 0.10]
   72; [ 26,   300, 0.10]
   73; [  1,   630, 0.21]
   73; [  2,   536, 0.20]
   73; [  3,   438, 0.18]
   73; [  4,   698, 0.17]
   73; [  5,   323, 0.17]
   73; [  6,   227, 0.16]
   73; [  7,   806, 0.16]
   73; [  8,    50, 0.16]
   73; [  9,   224, 0.15]
   73; [ 10,   546, 0.14]
   73; [ 11,   843, 0.14]
   73; [ 12,  1229, 0.12]
   73; [ 13,   604, 0.11]
   73; [ 14,   844, 0.11]
   73; [ 15,  1228, 0.11]
   73; [ 16,   359, 0.11]
   73; [ 17,   580, 0.10]
   73; [ 18,  1012, 0.10]
   74; [  1,   914, 0.34]
   74; [  2,   910, 0.21]
   74; [  3,  1012, 0.19]
   74; [  4,   659, 0.13]
   74; [  5,   349, 0.12]
   74; [  6,   980, 0.11]
   74; [  7,   913, 0.11]
   74; [  8,   354, 0.11]
   74; [  9,    87, 0.10]
   74; [ 10,  1152, 0.10]
   74; [ 11,   155, 0.10]
   75; [  1,   948, 0.31]
   75; [  2,   241, 0.26]
   75; [  3,  1004, 0.23]
   75; [  4,   100, 0.22]
   75; [  5,   587, 0.20]
   75; [  6,   446, 0.20]
   75; [  7,  1177, 0.20]
   75; [  8,   519, 0.20]
   75; [  9,   316, 0.18]
   75; [ 10,   842, 0.18]
   75; [ 11,   677, 0.17]
   75; [ 12,  1234, 0.16]
   75; [ 13,   751, 0.16]
   75; [ 14,   333, 0.16]
   75; [ 15,   199, 0.15]
   75; [ 16,   597, 0.15]
   75; [ 17,  1226, 0.12]
   75; [ 18,    17, 0.12]
   75; [ 19,  1000, 0.12]
   75; [ 20,   833, 0.11]
   75; [ 21,   787, 0.11]
   75; [ 22,   763, 0.11]
   75; [ 23,   422, 0.10]
   76; [  1,  1188, 0.21]
   76; [  2,   606, 0.20]
   76; [  3,   247, 0.16]
   76; [  4,  1007, 0.13]
   76; [  5,  1020, 0.12]
   76; [  6,   437, 0.12]
   76; [  7,  1073, 0.11]
   76; [  8,   211, 0.11]
   77; [  1,   754, 0.14]
   77; [  2,   969, 0.14]
   77; [  3,   484, 0.13]
   77; [  4,   151, 0.12]
   77; [  5,   502, 0.11]
   77; [  6,   224, 0.11]
   77; [  7,  1079, 0.10]
   78; [  1,   554, 0.24]
   78; [  2,   427, 0.19]
   78; [  3,  1182, 0.19]
   78; [  4,   282, 0.18]
   78; [  5,   607, 0.17]
   78; [  6,  1040, 0.15]
   78; [  7,    13, 0.15]
   78; [  8,   283, 0.14]
   78; [  9,   586, 0.14]
   78; [ 10,   177, 0.14]
   78; [ 11,   184, 0.13]
   78; [ 12,  1165, 0.13]
   78; [ 13,  1118, 0.13]
   78; [ 14,   153, 0.13]
   78; [ 15,  1227, 0.12]
   78; [ 16,   439, 0.12]
   78; [ 17,  1073, 0.12]
   78; [ 18,   912, 0.12]
   78; [ 19,  1183, 0.11]
   78; [ 20,    43, 0.11]
   78; [ 21,   455, 0.11]
   78; [ 22,   866, 0.11]
   78; [ 23,  1179, 0.11]
   78; [ 24,   510, 0.11]
   78; [ 25,  1127, 0.10]
   78; [ 26,   771, 0.10]
   78; [ 27,   434, 0.10]
   78; [ 28,   767, 0.10]
   79; [  1,   791, 0.23]
   79; [  2,   758, 0.23]
   79; [  3,  1101, 0.22]
   79; [  4,   337, 0.22]
   79; [  5,  1066, 0.20]
   79; [  6,   815, 0.19]
   79; [  7,   186, 0.17]
   79; [  8,   396, 0.17]
   79; [  9,   945, 0.16]
   79; [ 10,   282, 0.15]
   79; [ 11,   912, 0.15]
   79; [ 12,   424, 0.13]
   79; [ 13,   159, 0.12]
   79; [ 14,  1091, 0.12]
   79; [ 15,   460, 0.11]
   79; [ 16,   184, 0.10]
   80; [  1,  1111, 0.20]
   80; [  2,   753, 0.15]
   80; [  3,   680, 0.13]
   80; [  4,  1227, 0.13]
   80; [  5,  1090, 0.13]
   80; [  6,   912, 0.13]
   80; [  7,   546, 0.13]
   80; [  8,  1181, 0.13]
   80; [  9,   696, 0.12]
   80; [ 10,  1078, 0.11]
   80; [ 11,   799, 0.10]
   81; [  1,   321, 0.39]
   81; [  2,   546, 0.28]
   81; [  3,   592, 0.24]
   81; [  4,   213, 0.12]
   81; [  5,   945, 0.12]
   81; [  6,   542, 0.12]
   81; [  7,  1092, 0.10]
   82; [  1,    25, 0.30]
   82; [  2,   321, 0.26]
   82; [  3,    90, 0.21]
   82; [  4,   327, 0.18]
   82; [  5,   337, 0.11]
   82; [  6,  1190, 0.11]
   83; [  1,  1203, 0.28]
   83; [  2,   669, 0.26]
   83; [  3,    18, 0.21]
   83; [  4,   445, 0.15]
   83; [  5,   829, 0.14]
   83; [  6,   572, 0.14]
   83; [  7,   432, 0.14]
   83; [  8,   306, 0.11]
   83; [  9,   166, 0.10]
   84; [  1,   160, 0.36]
   84; [  2,   668, 0.29]
   84; [  3,   718, 0.27]
   84; [  4,  1112, 0.25]
   84; [  5,   784, 0.23]
   84; [  6,   922, 0.22]
   84; [  7,     8, 0.22]
   84; [  8,   555, 0.22]
   84; [  9,   986, 0.21]
   84; [ 10,   550, 0.20]
   84; [ 11,   479, 0.16]
   84; [ 12,  1089, 0.15]
   84; [ 13,   384, 0.15]
   84; [ 14,   346, 0.14]
   84; [ 15,   282, 0.13]
   84; [ 16,   459, 0.12]
   84; [ 17,   802, 0.12]
   84; [ 18,   623, 0.11]
   84; [ 19,   588, 0.11]
   84; [ 20,   161, 0.11]
   84; [ 21,   469, 0.11]
   84; [ 22,   590, 0.11]
   84; [ 23,    80, 0.10]
   84; [ 24,   884, 0.10]
   84; [ 25,   159, 0.10]
   85; [  1,   942, 0.27]
   85; [  2,   223, 0.23]
   85; [  3,   549, 0.22]
   85; [  4,   355, 0.20]
   85; [  5,   875, 0.19]
   85; [  6,   553, 0.18]
   85; [  7,   533, 0.18]
   85; [  8,   508, 0.18]
   85; [  9,   522, 0.16]
   85; [ 10,  1083, 0.12]
   85; [ 11,   133, 0.12]
   85; [ 12,  1163, 0.11]
   85; [ 13,   262, 0.11]
   85; [ 14,  1072, 0.11]
   86; [  1,   160, 0.40]
   86; [  2,   668, 0.37]
   86; [  3,   718, 0.34]
   86; [  4,   986, 0.31]
   86; [  5,     8, 0.29]
   86; [  6,  1112, 0.28]
   86; [  7,   922, 0.26]
   86; [  8,  1077, 0.26]
   86; [  9,    62, 0.23]
   86; [ 10,   905, 0.22]
   86; [ 11,   550, 0.21]
   86; [ 12,   555, 0.20]
   86; [ 13,   271, 0.20]
   86; [ 14,   282, 0.19]
   86; [ 15,   135, 0.18]
   86; [ 16,   784, 0.17]
   86; [ 17,   346, 0.16]
   86; [ 18,  1171, 0.16]
   86; [ 19,   903, 0.15]
   86; [ 20,   874, 0.15]
   86; [ 21,  1143, 0.15]
   86; [ 22,   394, 0.14]
   86; [ 23,    81, 0.14]
   86; [ 24,   110, 0.13]
   86; [ 25,   176, 0.13]
   86; [ 26,   983, 0.13]
   86; [ 27,   179, 0.13]
   86; [ 28,   300, 0.13]
   86; [ 29,   923, 0.13]
   86; [ 30,   588, 0.12]
   86; [ 31,  1091, 0.12]
   86; [ 32,   505, 0.12]
   86; [ 33,  1203, 0.12]
   86; [ 34,    61, 0.12]
   86; [ 35,   989, 0.12]
   86; [ 36,  1089, 0.11]
   86; [ 37,   745, 0.11]
   86; [ 38,   384, 0.11]
   86; [ 39,   987, 0.11]
   86; [ 40,   778, 0.11]
   86; [ 41,   590, 0.10]
   86; [ 42,   200, 0.10]
   86; [ 43,   988, 0.10]
   87; [  1,   860, 0.17]
   87; [  2,  1171, 0.13]
   87; [  3,   623, 0.12]
   87; [  4,   195, 0.11]
   87; [  5,   501, 0.11]
   87; [  6,  1169, 0.11]
   88; [  1,   614, 0.27]
   88; [  2,   761, 0.25]
   88; [  3,   262, 0.13]
   88; [  4,  1171, 0.12]
   88; [  5,   432, 0.11]
   89; [  1,  1089, 0.20]
   89; [  2,   469, 0.19]
   89; [  3,   282, 0.18]
   89; [  4,   459, 0.17]
   89; [  5,   802, 0.17]
   89; [  6,   260, 0.16]
   89; [  7,  1077, 0.15]
   89; [  8,   161, 0.14]
   89; [  9,   590, 0.14]
   89; [ 10,    80, 0.14]
   89; [ 11,   884, 0.14]
   89; [ 12,   866, 0.14]
   89; [ 13,   159, 0.14]
   89; [ 14,   987, 0.13]
   89; [ 15,   668, 0.13]
   89; [ 16,    62, 0.13]
   89; [ 17,   160, 0.13]
   89; [ 18,     1, 0.13]
   89; [ 19,   177, 0.13]
   89; [ 20,   271, 0.12]
   89; [ 21,   479, 0.12]
   89; [ 22,   432, 0.12]
   89; [ 23,  1023, 0.12]
   89; [ 24,   905, 0.12]
   89; [ 25,   460, 0.12]
   89; [ 26,   912, 0.12]
   89; [ 27,   394, 0.11]
   89; [ 28,  1227, 0.11]
   89; [ 29,  1203, 0.11]
   89; [ 30,  1171, 0.11]
   89; [ 31,   800, 0.11]
   89; [ 32,   265, 0.11]
   89; [ 33,   842, 0.11]
   89; [ 34,   696, 0.10]
   89; [ 35,   148, 0.10]
   89; [ 36,   778, 0.10]
   90; [  1,   912, 0.34]
   90; [  2,   161, 0.24]
   90; [  3,   884, 0.23]
   90; [  4,   177, 0.21]
   90; [  5,   459, 0.21]
   90; [  6,   176, 0.20]
   90; [  7,  1227, 0.19]
   90; [  8,   802, 0.19]
   90; [  9,  1171, 0.19]
   90; [ 10,   346, 0.18]
   90; [ 11,   265, 0.18]
   90; [ 12,   447, 0.18]
   90; [ 13,   874, 0.17]
   90; [ 14,   778, 0.17]
   90; [ 15,   987, 0.16]
   90; [ 16,    80, 0.16]
   90; [ 17,  1112, 0.15]
   90; [ 18,   479, 0.15]
   90; [ 19,   427, 0.15]
   90; [ 20,  1089, 0.15]
   90; [ 21,   589, 0.15]
   90; [ 22,     7, 0.15]
   90; [ 23,   753, 0.14]
   90; [ 24,   556, 0.14]
   90; [ 25,   988, 0.14]
   90; [ 26,     8, 0.14]
   90; [ 27,   451, 0.13]
   90; [ 28,   282, 0.13]
   90; [ 29,  1078, 0.13]
   90; [ 30,   457, 0.13]
   90; [ 31,   790, 0.13]
   90; [ 32,   696, 0.12]
   90; [ 33,   805, 0.12]
   90; [ 34,   260, 0.12]
   90; [ 35,    47, 0.12]
   90; [ 36,   706, 0.12]
   90; [ 37,  1086, 0.11]
   90; [ 38,   178, 0.11]
   90; [ 39,   593, 0.11]
   90; [ 40,   311, 0.11]
   90; [ 41,   570, 0.11]
   90; [ 42,   588, 0.11]
   90; [ 43,   469, 0.10]
   90; [ 44,    79, 0.10]
   90; [ 45,   590, 0.10]
   90; [ 46,   382, 0.10]
   91; [  1,    96, 0.23]
   91; [  2,   770, 0.19]
   91; [  3,   129, 0.18]
   91; [  4,   443, 0.18]
   91; [  5,   984, 0.16]
   91; [  6,   333, 0.16]
   91; [  7,   763, 0.15]
   91; [  8,  1124, 0.15]
   91; [  9,  1158, 0.15]
   91; [ 10,   921, 0.15]
   91; [ 11,   830, 0.14]
   91; [ 12,   882, 0.14]
   91; [ 13,    99, 0.14]
   91; [ 14,   822, 0.13]
   91; [ 15,   791, 0.13]
   91; [ 16,   875, 0.13]
   91; [ 17,   398, 0.13]
   91; [ 18,  1101, 0.13]
   91; [ 19,   755, 0.12]
   91; [ 20,   658, 0.12]
   91; [ 21,   392, 0.12]
   91; [ 22,   207, 0.12]
   91; [ 23,   810, 0.12]
   91; [ 24,   509, 0.11]
   91; [ 25,   899, 0.11]
   91; [ 26,   815, 0.11]
   91; [ 27,   798, 0.11]
   91; [ 28,   694, 0.11]
   91; [ 29,   688, 0.11]
   91; [ 30,    68, 0.11]
   91; [ 31,   715, 0.11]
   91; [ 32,   697, 0.11]
   91; [ 33,   643, 0.11]
   91; [ 34,   901, 0.10]
   91; [ 35,  1028, 0.10]
   91; [ 36,   395, 0.10]
   91; [ 37,   190, 0.10]
   91; [ 38,  1062, 0.10]
   92; [  1,   910, 0.32]
   92; [  2,   942, 0.28]
   92; [  3,  1093, 0.23]
   92; [  4,   204, 0.22]
   92; [  5,   354, 0.22]
   92; [  6,   148, 0.22]
   92; [  7,   513, 0.20]
   92; [  8,   692, 0.19]
   92; [  9,   971, 0.15]
   92; [ 10,  1147, 0.15]
   92; [ 11,   599, 0.14]
   92; [ 12,   824, 0.14]
   92; [ 13,   983, 0.14]
   92; [ 14,   332, 0.14]
   92; [ 15,   766, 0.13]
   92; [ 16,   732, 0.13]
   92; [ 17,   783, 0.13]
   92; [ 18,   882, 0.12]
   92; [ 19,   952, 0.12]
   92; [ 20,   446, 0.12]
   92; [ 21,   858, 0.12]
   92; [ 22,  1195, 0.12]
   92; [ 23,   842, 0.12]
   92; [ 24,   472, 0.12]
   92; [ 25,  1107, 0.12]
   92; [ 26,   661, 0.11]
   92; [ 27,   346, 0.11]
   92; [ 28,   438, 0.11]
   92; [ 29,   731, 0.11]
   92; [ 30,   765, 0.10]
   92; [ 31,   473, 0.10]
   92; [ 32,   778, 0.10]
   94; [  1,  1023, 0.38]
   94; [  2,   435, 0.20]
   94; [  3,   705, 0.16]
   94; [  4,   742, 0.15]
   94; [  5,   498, 0.14]
   94; [  6,   264, 0.14]
   94; [  7,   504, 0.10]
   94; [  8,   721, 0.10]
   95; [  1,   883, 0.22]
   95; [  2,    30, 0.21]
   95; [  3,   257, 0.21]
   95; [  4,   606, 0.11]
   95; [  5,   615, 0.11]
   95; [  6,   241, 0.10]
   95; [  7,   170, 0.10]
   96; [  1,   455, 0.34]
   96; [  2,  1088, 0.20]
   96; [  3,   454, 0.15]
   96; [  4,   673, 0.14]
   97; [  1,   958, 0.28]
   97; [  2,    44, 0.28]
   97; [  3,   924, 0.23]
   97; [  4,   751, 0.20]
   97; [  5,   426, 0.19]
   97; [  6,    20, 0.19]
   97; [  7,   388, 0.18]
   97; [  8,   135, 0.17]
   97; [  9,   757, 0.16]
   97; [ 10,   435, 0.16]
   97; [ 11,     6, 0.15]
   97; [ 12,  1185, 0.15]
   97; [ 13,   418, 0.14]
   97; [ 14,   383, 0.14]
   97; [ 15,   539, 0.14]
   97; [ 16,   538, 0.13]
   97; [ 17,   287, 0.13]
   97; [ 18,   562, 0.13]
   97; [ 19,   568, 0.12]
   97; [ 20,   571, 0.12]
   97; [ 21,   416, 0.11]
   97; [ 22,   691, 0.11]
   97; [ 23,   144, 0.11]
   97; [ 24,  1237, 0.11]
   97; [ 25,   992, 0.11]
   97; [ 26,   753, 0.10]
   97; [ 27,   118, 0.10]
   97; [ 28,   140, 0.10]
   98; [  1,  1018, 0.22]
   98; [  2,   562, 0.20]
   98; [  3,   180, 0.19]
   98; [  4,   498, 0.18]
   98; [  5,  1118, 0.17]
   98; [  6,   360, 0.16]
   98; [  7,   394, 0.13]
   98; [  8,  1184, 0.13]
   98; [  9,   595, 0.11]
   98; [ 10,  1143, 0.10]
   98; [ 11,   516, 0.10]
   98; [ 12,  1156, 0.10]
   98; [ 13,   833, 0.10]
   98; [ 14,  1185, 0.10]
   99; [  1,   449, 0.26]
   99; [  2,   324, 0.20]
   99; [  3,   268, 0.16]
   99; [  4,   170, 0.12]
  100; [  1,   579, 0.36]
  100; [  2,   183, 0.33]
  100; [  3,  1017, 0.32]
