    1; [  1,   533, 0.28]
    1; [  2,    52, 0.25]
    1; [  3,   437, 0.24]
    1; [  4,   827, 0.22]
    1; [  5,   957, 0.22]
    1; [  6,   461, 0.20]
    1; [  7,   392, 0.20]
    1; [  8,   568, 0.19]
    1; [  9,   439, 0.19]
    1; [ 10,   950, 0.17]
    1; [ 11,   499, 0.16]
    1; [ 12,   302, 0.15]
    1; [ 13,    27, 0.15]
    1; [ 14,   503, 0.14]
    1; [ 15,    11, 0.14]
    1; [ 16,    96, 0.14]
    1; [ 17,   789, 0.13]
    1; [ 18,   311, 0.13]
    1; [ 19,   441, 0.13]
    1; [ 20,  1026, 0.12]
    1; [ 21,   875, 0.12]
    1; [ 22,   636, 0.11]
    1; [ 23,   967, 0.11]
    1; [ 24,   502, 0.11]
    1; [ 25,  1180, 0.11]
    1; [ 26,   846, 0.10]
    1; [ 27,   856, 0.10]
    1; [ 28,   511, 0.10]
    1; [ 29,   850, 0.10]
    2; [  1,   498, 0.25]
    2; [  2,   137, 0.21]
    2; [  3,   592, 0.20]
    2; [  4,   980, 0.19]
    2; [  5,  1197, 0.18]
    2; [  6,   733, 0.15]
    2; [  7,   683, 0.15]
    2; [  8,   159, 0.15]
    2; [  9,  1089, 0.14]
    2; [ 10,     1, 0.14]
    2; [ 11,   754, 0.13]
    2; [ 12,    47, 0.13]
    2; [ 13,   160, 0.13]
    2; [ 14,  1125, 0.13]
    2; [ 15,   590, 0.13]
    2; [ 16,    41, 0.12]
    2; [ 17,   225, 0.12]
    2; [ 18,  1211, 0.12]
    2; [ 19,  1137, 0.11]
    2; [ 20,  1135, 0.11]
    2; [ 21,   769, 0.11]
    2; [ 22,  1238, 0.11]
    2; [ 23,   459, 0.11]
    2; [ 24,    95, 0.11]
    2; [ 25,   265, 0.11]
    2; [ 26,   589, 0.11]
    2; [ 27,   133, 0.11]
    2; [ 28,   176, 0.11]
    2; [ 29,   437, 0.11]
    2; [ 30,   912, 0.11]
    2; [ 31,   598, 0.10]
    2; [ 32,   666, 0.10]
    2; [ 33,   417, 0.10]
    2; [ 34,    80, 0.10]
    2; [ 35,   107, 0.10]
    3; [  1,   633, 0.31]
    3; [  2,   356, 0.29]
    3; [  3,   645, 0.22]
    3; [  4,    32, 0.21]
    3; [  5,   959, 0.19]
    3; [  6,   137, 0.18]
    3; [  7,   852, 0.18]
    3; [  8,  1206, 0.17]
    3; [  9,   150, 0.17]
    3; [ 10,  1196, 0.16]
    3; [ 11,   399, 0.15]
    3; [ 12,    77, 0.15]
    3; [ 13,  1197, 0.15]
    3; [ 14,   462, 0.15]
    3; [ 15,   827, 0.15]
    3; [ 16,   311, 0.15]
    3; [ 17,   505, 0.14]
    3; [ 18,   269, 0.14]
    3; [ 19,   635, 0.14]
    3; [ 20,  1223, 0.14]
    3; [ 21,   390, 0.14]
    3; [ 22,     2, 0.14]
    3; [ 23,   309, 0.14]
    3; [ 24,  1064, 0.13]
    3; [ 25,  1238, 0.13]
    3; [ 26,   496, 0.13]
    3; [ 27,   602, 0.13]
    3; [ 28,   497, 0.12]
    3; [ 29,   958, 0.12]
    3; [ 30,   498, 0.12]
    3; [ 31,   733, 0.12]
    3; [ 32,   439, 0.12]
    3; [ 33,   991, 0.12]
    3; [ 34,   536, 0.12]
    3; [ 35,   724, 0.12]
    3; [ 36,  1199, 0.12]
    3; [ 37,   584, 0.12]
    3; [ 38,  1027, 0.12]
    3; [ 39,   805, 0.12]
    3; [ 40,   873, 0.11]
    3; [ 41,  1161, 0.11]
    3; [ 42,   374, 0.11]
    3; [ 43,   500, 0.11]
    3; [ 44,   490, 0.11]
    3; [ 45,   644, 0.11]
    3; [ 46,    54, 0.11]
    3; [ 47,   189, 0.11]
    3; [ 48,  1068, 0.10]
    3; [ 49,    53, 0.10]
    3; [ 50,   345, 0.10]
    3; [ 51,   856, 0.10]
    3; [ 52,   553, 0.10]
    4; [  1,   820, 0.28]
    4; [  2,   991, 0.27]
    4; [  3,   835, 0.24]
    4; [  4,   357, 0.23]
    4; [  5,   539, 0.21]
    4; [  6,   725, 0.20]
    4; [  7,  1030, 0.20]
    4; [  8,  1197, 0.20]
    4; [  9,   924, 0.18]
    4; [ 10,  1168, 0.18]
    4; [ 11,   662, 0.17]
    4; [ 12,   758, 0.17]
    4; [ 13,   711, 0.17]
    4; [ 14,   311, 0.16]
    4; [ 15,   568, 0.14]
    4; [ 16,   498, 0.13]
    4; [ 17,   402, 0.13]
    4; [ 18,  1039, 0.13]
    4; [ 19,   126, 0.13]
    4; [ 20,   856, 0.13]
    4; [ 21,   715, 0.12]
    4; [ 22,   867, 0.12]
    4; [ 23,   497, 0.12]
    4; [ 24,    23, 0.12]
    4; [ 25,   928, 0.11]
    4; [ 26,  1064, 0.11]
    4; [ 27,    52, 0.11]
    4; [ 28,   135, 0.11]
    4; [ 29,    45, 0.10]
    4; [ 30,   269, 0.10]
    4; [ 31,   439, 0.10]
    4; [ 32,  1196, 0.10]
    4; [ 33,  1016, 0.10]
    5; [  1,   496, 0.23]
    5; [  2,   711, 0.23]
    5; [  3,   568, 0.20]
    5; [  4,   300, 0.19]
    5; [  5,   499, 0.19]
    5; [  6,   498, 0.19]
    5; [  7,   827, 0.18]
    5; [  8,  1064, 0.18]
    5; [  9,   503, 0.17]
    5; [ 10,   151, 0.17]
    5; [ 11,   189, 0.17]
    5; [ 12,   501, 0.16]
    5; [ 13,   754, 0.16]
    5; [ 14,   957, 0.16]
    5; [ 15,   502, 0.16]
    5; [ 16,   266, 0.15]
    5; [ 17,   690, 0.14]
    5; [ 18,   805, 0.14]
    5; [ 19,   437, 0.14]
    5; [ 20,   441, 0.14]
    5; [ 21,   166, 0.14]
    5; [ 22,   478, 0.14]
    5; [ 23,   133, 0.14]
    5; [ 24,   592, 0.14]
    5; [ 25,   451, 0.13]
    5; [ 26,   265, 0.13]
    5; [ 27,   710, 0.12]
    5; [ 28,   982, 0.12]
    5; [ 29,  1145, 0.12]
    5; [ 30,  1238, 0.12]
    5; [ 31,   867, 0.12]
    5; [ 32,   392, 0.12]
    5; [ 33,   463, 0.11]
    5; [ 34,   481, 0.11]
    5; [ 35,   776, 0.11]
    5; [ 36,   531, 0.11]
    5; [ 37,   256, 0.11]
    5; [ 38,   975, 0.11]
    5; [ 39,   658, 0.11]
    5; [ 40,   909, 0.11]
    5; [ 41,   533, 0.11]
    5; [ 42,   738, 0.11]
    5; [ 43,    47, 0.11]
    5; [ 44,   204, 0.10]
    6; [  1,  1089, 0.32]
    6; [  2,   533, 0.22]
    6; [  3,    47, 0.19]
    6; [  4,   593, 0.16]
    6; [  5,   976, 0.15]
    6; [  6,    67, 0.15]
    6; [  7,    31, 0.14]
    6; [  8,   546, 0.14]
    6; [  9,   439, 0.14]
    6; [ 10,   497, 0.14]
    6; [ 11,    27, 0.14]
    6; [ 12,   195, 0.13]
    6; [ 13,   437, 0.12]
    6; [ 14,   441, 0.12]
    6; [ 15,   496, 0.12]
    6; [ 16,   805, 0.12]
    6; [ 17,   511, 0.12]
    6; [ 18,   503, 0.12]
    6; [ 19,   592, 0.12]
    6; [ 20,  1229, 0.12]
    6; [ 21,   554, 0.11]
    6; [ 22,   208, 0.11]
    6; [ 23,  1095, 0.11]
    6; [ 24,  1228, 0.11]
    6; [ 25,   189, 0.11]
    6; [ 26,   311, 0.11]
    6; [ 27,   980, 0.11]
    6; [ 28,   109, 0.10]
    6; [ 29,   950, 0.10]
    7; [  1,   856, 0.25]
    7; [  2,   256, 0.24]
    7; [  3,   166, 0.23]
    7; [  4,  1062, 0.22]
    7; [  5,   496, 0.21]
    7; [  6,   755, 0.20]
    7; [  7,   827, 0.20]
    7; [  8,   371, 0.19]
    7; [  9,  1064, 0.19]
    7; [ 10,   498, 0.16]
    7; [ 11,  1238, 0.16]
    7; [ 12,  1202, 0.16]
    7; [ 13,   805, 0.16]
    7; [ 14,   534, 0.16]
    7; [ 15,   151, 0.15]
    7; [ 16,  1196, 0.15]
    7; [ 17,   633, 0.15]
    7; [ 18,   958, 0.13]
    7; [ 19,   563, 0.13]
    7; [ 20,   503, 0.13]
    7; [ 21,   710, 0.12]
    7; [ 22,   437, 0.12]
    7; [ 23,   399, 0.11]
    7; [ 24,   957, 0.11]
    7; [ 25,   497, 0.11]
    7; [ 26,  1027, 0.11]
    7; [ 27,   441, 0.11]
    7; [ 28,   975, 0.11]
    7; [ 29,   463, 0.11]
    7; [ 30,   269, 0.11]
    7; [ 31,   390, 0.11]
    7; [ 32,   754, 0.10]
    7; [ 33,  1209, 0.10]
    8; [  1,   439, 0.27]
    8; [  2,   531, 0.23]
    8; [  3,   166, 0.20]
    8; [  4,   437, 0.18]
    8; [  5,   100, 0.12]
    9; [  1,  1190, 0.33]
    9; [  2,   715, 0.26]
    9; [  3,   720, 0.26]
    9; [  4,    63, 0.25]
    9; [  5,   266, 0.23]
    9; [  6,  1013, 0.22]
    9; [  7,  1184, 0.22]
    9; [  8,   690, 0.21]
    9; [  9,    99, 0.21]
    9; [ 10,   414, 0.20]
    9; [ 11,   443, 0.20]
    9; [ 12,    59, 0.20]
    9; [ 13,   408, 0.19]
    9; [ 14,   426, 0.18]
    9; [ 15,   157, 0.18]
    9; [ 16,   174, 0.17]
    9; [ 17,   339, 0.17]
    9; [ 18,   165, 0.16]
    9; [ 19,   870, 0.16]
    9; [ 20,   493, 0.16]
    9; [ 21,   863, 0.15]
    9; [ 22,   204, 0.15]
    9; [ 23,   355, 0.15]
    9; [ 24,   974, 0.14]
    9; [ 25,   581, 0.14]
    9; [ 26,   545, 0.14]
    9; [ 27,   935, 0.13]
    9; [ 28,   126, 0.13]
    9; [ 29,  1107, 0.13]
    9; [ 30,   928, 0.13]
    9; [ 31,   252, 0.12]
    9; [ 32,    91, 0.12]
    9; [ 33,   296, 0.12]
    9; [ 34,   970, 0.12]
    9; [ 35,  1106, 0.11]
    9; [ 36,  1215, 0.11]
    9; [ 37,  1115, 0.11]
    9; [ 38,   413, 0.11]
    9; [ 39,  1239, 0.11]
    9; [ 40,  1158, 0.11]
    9; [ 41,   364, 0.11]
    9; [ 42,   992, 0.11]
    9; [ 43,   510, 0.10]
    9; [ 44,   878, 0.10]
    9; [ 45,   747, 0.10]
    9; [ 46,   362, 0.10]
    9; [ 47,  1192, 0.10]
    9; [ 48,    46, 0.10]
   10; [  1,  1190, 0.46]
   10; [  2,   970, 0.24]
   10; [  3,   157, 0.23]
   10; [  4,  1218, 0.21]
   10; [  5,   974, 0.20]
   10; [  6,   510, 0.19]
   10; [  7,   715, 0.18]
   10; [  8,   799, 0.18]
   10; [  9,  1115, 0.17]
   10; [ 10,   581, 0.17]
   10; [ 11,  1215, 0.16]
   10; [ 12,   897, 0.16]
   10; [ 13,  1239, 0.15]
   10; [ 14,  1066, 0.15]
   10; [ 15,   413, 0.15]
   10; [ 16,   992, 0.15]
   10; [ 17,   676, 0.15]
   10; [ 18,   337, 0.14]
   10; [ 19,   943, 0.14]
   10; [ 20,   878, 0.13]
   10; [ 21,  1155, 0.13]
   10; [ 22,   603, 0.13]
   10; [ 23,  1108, 0.13]
   10; [ 24,   794, 0.12]
   10; [ 25,   212, 0.12]
   10; [ 26,  1106, 0.12]
   10; [ 27,   443, 0.12]
   10; [ 28,    81, 0.11]
   10; [ 29,  1107, 0.11]
   10; [ 30,   126, 0.11]
   10; [ 31,   376, 0.11]
   10; [ 32,  1234, 0.11]
   10; [ 33,  1080, 0.11]
   10; [ 34,   135, 0.10]
   10; [ 35,   905, 0.10]
   11; [  1,   799, 0.55]
   11; [  2,   796, 0.50]
   11; [  3,   991, 0.46]
   11; [  4,   908, 0.36]
   11; [  5,   798, 0.33]
   11; [  6,   834, 0.32]
   11; [  7,   649, 0.28]
   11; [  8,   772, 0.28]
   11; [  9,    96, 0.27]
   11; [ 10,   900, 0.27]
   11; [ 11,   712, 0.26]
   11; [ 12,  1064, 0.22]
   11; [ 13,   331, 0.21]
   11; [ 14,   909, 0.21]
   11; [ 15,   318, 0.19]
   11; [ 16,   423, 0.19]
   11; [ 17,   186, 0.18]
   11; [ 18,   319, 0.18]
   11; [ 19,   835, 0.18]
   11; [ 20,   661, 0.17]
   11; [ 21,   396, 0.17]
   11; [ 22,   713, 0.17]
   11; [ 23,   489, 0.16]
   11; [ 24,   775, 0.16]
   11; [ 25,  1184, 0.16]
   11; [ 26,   697, 0.16]
   11; [ 27,    99, 0.16]
   11; [ 28,   473, 0.16]
   11; [ 29,  1226, 0.16]
   11; [ 30,   659, 0.15]
   11; [ 31,  1002, 0.15]
   11; [ 32,   518, 0.15]
   11; [ 33,    33, 0.15]
   11; [ 34,   671, 0.15]
   11; [ 35,   788, 0.14]
   11; [ 36,    35, 0.14]
   11; [ 37,  1178, 0.14]
   11; [ 38,    10, 0.14]
   11; [ 39,   158, 0.14]
   11; [ 40,   812, 0.14]
   11; [ 41,   175, 0.14]
   11; [ 42,   483, 0.13]
   11; [ 43,   301, 0.13]
   11; [ 44,   429, 0.13]
   11; [ 45,   871, 0.13]
   11; [ 46,   801, 0.13]
   11; [ 47,    38, 0.12]
   11; [ 48,   322, 0.12]
   11; [ 49,   875, 0.12]
   11; [ 50,  1119, 0.12]
   11; [ 51,  1028, 0.12]
   11; [ 52,   378, 0.12]
   11; [ 53,   353, 0.12]
   11; [ 54,   258, 0.11]
   11; [ 55,  1176, 0.11]
   11; [ 56,  1174, 0.11]
   11; [ 57,   492, 0.11]
   11; [ 58,   644, 0.11]
   11; [ 59,  1182, 0.11]
   11; [ 60,  1000, 0.11]
   11; [ 61,   225, 0.11]
   11; [ 62,   550, 0.11]
   11; [ 63,   482, 0.10]
   11; [ 64,   930, 0.10]
   11; [ 65,   968, 0.10]
   12; [  1,   834, 0.35]
   12; [  2,    32, 0.26]
   12; [  3,   500, 0.23]
   12; [  4,   428, 0.20]
   12; [  5,   649, 0.18]
   12; [  6,    46, 0.18]
   12; [  7,   872, 0.18]
   12; [  8,   255, 0.17]
   12; [  9,   772, 0.17]
   12; [ 10,  1051, 0.16]
   12; [ 11,   443, 0.16]
   12; [ 12,   430, 0.16]
   12; [ 13,   289, 0.16]
   12; [ 14,   466, 0.16]
   12; [ 15,   186, 0.15]
   12; [ 16,   896, 0.15]
   12; [ 17,   970, 0.14]
   12; [ 18,   755, 0.14]
   12; [ 19,  1221, 0.14]
   12; [ 20,    23, 0.14]
   12; [ 21,   568, 0.14]
   12; [ 22,  1011, 0.13]
   12; [ 23,   381, 0.12]
   12; [ 24,   135, 0.12]
   12; [ 25,   727, 0.12]
   12; [ 26,   393, 0.12]
   12; [ 27,   374, 0.12]
   12; [ 28,    14, 0.12]
   12; [ 29,   644, 0.12]
   12; [ 30,  1197, 0.11]
   12; [ 31,   801, 0.11]
   12; [ 32,   562, 0.11]
   12; [ 33,   210, 0.11]
   12; [ 34,    26, 0.11]
   12; [ 35,    35, 0.10]
   12; [ 36,  1217, 0.10]
   12; [ 37,   388, 0.10]
   13; [  1,    10, 0.28]
   13; [  2,   496, 0.27]
   13; [  3,   920, 0.21]
   13; [  4,   682, 0.21]
   13; [  5,  1028, 0.20]
   13; [  6,   921, 0.19]
   13; [  7,  1186, 0.19]
   13; [  8,  1158, 0.18]
   13; [  9,   593, 0.16]
   13; [ 10,   605, 0.15]
   13; [ 11,   301, 0.14]
   13; [ 12,  1134, 0.14]
   13; [ 13,   278, 0.13]
   13; [ 14,   919, 0.13]
   13; [ 15,   479, 0.13]
   13; [ 16,   766, 0.13]
   13; [ 17,   944, 0.13]
   13; [ 18,   540, 0.13]
   13; [ 19,    52, 0.13]
   13; [ 20,   647, 0.13]
   13; [ 21,   690, 0.12]
   13; [ 22,   608, 0.12]
   13; [ 23,   300, 0.12]
   13; [ 24,   719, 0.12]
   13; [ 25,   370, 0.12]
   13; [ 26,   489, 0.12]
   13; [ 27,   457, 0.12]
   13; [ 28,   225, 0.12]
   13; [ 29,   208, 0.11]
   13; [ 30,  1033, 0.11]
   13; [ 31,   287, 0.11]
   13; [ 32,    66, 0.11]
   13; [ 33,   106, 0.10]
   13; [ 34,   499, 0.10]
   13; [ 35,   915, 0.10]
   13; [ 36,   494, 0.10]
   13; [ 37,   491, 0.10]
   13; [ 38,   634, 0.10]
   13; [ 39,   548, 0.10]
   13; [ 40,   437, 0.10]
   13; [ 41,   174, 0.10]
   13; [ 42,  1004, 0.10]
   13; [ 43,   498, 0.10]
   14; [  1,   697, 0.28]
   14; [  2,   204, 0.28]
   14; [  3,   129, 0.25]
   14; [  4,   791, 0.25]
   14; [  5,   584, 0.22]
   14; [  6,  1214, 0.21]
   14; [  7,   882, 0.21]
   14; [  8,   899, 0.21]
   14; [  9,    38, 0.19]
   14; [ 10,   793, 0.19]
   14; [ 11,   465, 0.19]
   14; [ 12,   798, 0.19]
   14; [ 13,   645, 0.18]
   14; [ 14,   422, 0.17]
   14; [ 15,   225, 0.17]
   14; [ 16,   928, 0.17]
   14; [ 17,   657, 0.16]
   14; [ 18,   370, 0.16]
   14; [ 19,   413, 0.16]
   14; [ 20,   815, 0.15]
   14; [ 21,   913, 0.15]
   14; [ 22,   190, 0.15]
   14; [ 23,   448, 0.15]
   14; [ 24,   595, 0.15]
   14; [ 25,   407, 0.14]
   14; [ 26,  1100, 0.14]
   14; [ 27,  1124, 0.14]
   14; [ 28,    87, 0.14]
   14; [ 29,   443, 0.14]
   14; [ 30,  1223, 0.14]
   14; [ 31,   984, 0.14]
   14; [ 32,  1186, 0.13]
   14; [ 33,  1158, 0.13]
   14; [ 34,   174, 0.13]
   14; [ 35,   763, 0.13]
   14; [ 36,   150, 0.13]
   14; [ 37,   903, 0.13]
   14; [ 38,  1073, 0.13]
   14; [ 39,  1150, 0.13]
   14; [ 40,  1101, 0.12]
   14; [ 41,  1164, 0.12]
   14; [ 42,   211, 0.12]
   14; [ 43,   921, 0.12]
   14; [ 44,   843, 0.12]
   14; [ 45,    96, 0.12]
   14; [ 46,   930, 0.12]
   14; [ 47,  1003, 0.12]
   14; [ 48,  1041, 0.12]
   14; [ 49,  1145, 0.12]
   14; [ 50,   643, 0.12]
   14; [ 51,   478, 0.12]
   14; [ 52,  1117, 0.12]
   14; [ 53,   896, 0.11]
   14; [ 54,   642, 0.11]
   14; [ 55,   611, 0.11]
   14; [ 56,   907, 0.11]
   14; [ 57,   755, 0.11]
   14; [ 58,  1175, 0.11]
   14; [ 59,   920, 0.11]
   14; [ 60,  1008, 0.11]
   14; [ 61,   688, 0.11]
   14; [ 62,  1177, 0.11]
   14; [ 63,  1007, 0.11]
   14; [ 64,   210, 0.11]
   14; [ 65,   462, 0.10]
   14; [ 66,   632, 0.10]
   14; [ 67,  1149, 0.10]
   14; [ 68,  1225, 0.10]
   14; [ 69,  1076, 0.10]
   15; [  1,  1062, 0.22]
   15; [  2,   642, 0.18]
   15; [  3,  1013, 0.18]
   15; [  4,    59, 0.16]
   15; [  5,   908, 0.16]
   15; [  6,   408, 0.16]
   15; [  7,   833, 0.15]
   15; [  8,   690, 0.15]
   15; [  9,    99, 0.15]
   15; [ 10,   603, 0.14]
   15; [ 11,   549, 0.14]
   15; [ 12,   601, 0.14]
   15; [ 13,   443, 0.14]
   15; [ 14,   422, 0.13]
   15; [ 15,   516, 0.13]
   15; [ 16,   252, 0.13]
   15; [ 17,   772, 0.13]
   15; [ 18,   398, 0.12]
   15; [ 19,   978, 0.12]
   15; [ 20,    64, 0.12]
   15; [ 21,   423, 0.12]
   15; [ 22,    96, 0.12]
   15; [ 23,   921, 0.12]
   15; [ 24,    42, 0.12]
   15; [ 25,  1216, 0.12]
   15; [ 26,   359, 0.11]
   15; [ 27,   322, 0.11]
   15; [ 28,   202, 0.11]
   15; [ 29,   370, 0.11]
   15; [ 30,  1118, 0.11]
   15; [ 31,    63, 0.11]
   15; [ 32,   505, 0.10]
   15; [ 33,   660, 0.10]
   15; [ 34,   517, 0.10]
   16; [  1,   991, 0.34]
   16; [  2,   799, 0.34]
   16; [  3,   908, 0.32]
   16; [  4,   649, 0.27]
   16; [  5,   798, 0.26]
   16; [  6,   772, 0.25]
   16; [  7,    36, 0.23]
   16; [  8,   234, 0.22]
   16; [  9,    10, 0.21]
   16; [ 10,   697, 0.20]
   16; [ 11,   473, 0.20]
   16; [ 12,   834, 0.20]
   16; [ 13,  1226, 0.18]
   16; [ 14,   659, 0.17]
   16; [ 15,   301, 0.17]
   16; [ 16,   333, 0.17]
   16; [ 17,   661, 0.17]
   16; [ 18,   186, 0.16]
   16; [ 19,    96, 0.16]
   16; [ 20,   900, 0.16]
   16; [ 21,   875, 0.16]
   16; [ 22,   258, 0.16]
   16; [ 23,   443, 0.15]
   16; [ 24,   322, 0.15]
   16; [ 25,   788, 0.15]
   16; [ 26,  1184, 0.15]
   16; [ 27,   426, 0.15]
   16; [ 28,    63, 0.14]
   16; [ 29,   775, 0.14]
   16; [ 30,   801, 0.14]
   16; [ 31,   690, 0.14]
   16; [ 32,  1064, 0.13]
   16; [ 33,   470, 0.13]
   16; [ 34,   550, 0.12]
   16; [ 35,     3, 0.12]
   16; [ 36,    17, 0.12]
   16; [ 37,   763, 0.12]
   16; [ 38,   835, 0.11]
   16; [ 39,   204, 0.11]
   16; [ 40,  1119, 0.11]
   16; [ 41,  1099, 0.11]
   16; [ 42,   915, 0.11]
   16; [ 43,    38, 0.11]
   16; [ 44,   712, 0.11]
   16; [ 45,   319, 0.11]
   16; [ 46,    37, 0.11]
   16; [ 47,   489, 0.11]
   16; [ 48,  1234, 0.10]
   16; [ 49,   198, 0.10]
   16; [ 50,   396, 0.10]
   16; [ 51,   713, 0.10]
   16; [ 52,   237, 0.10]
   16; [ 53,   113, 0.10]
   16; [ 54,  1126, 0.10]
   16; [ 55,   422, 0.10]
   17; [  1,   816, 0.36]
   17; [  2,   810, 0.23]
   17; [  3,  1093, 0.21]
   17; [  4,   696, 0.21]
   17; [  5,   510, 0.20]
   17; [  6,   888, 0.19]
   17; [  7,   489, 0.19]
   17; [  8,   455, 0.18]
   17; [  9,   327, 0.16]
   17; [ 10,   823, 0.16]
   17; [ 11,   543, 0.16]
   17; [ 12,   830, 0.15]
   17; [ 13,   603, 0.15]
   17; [ 14,   688, 0.15]
   17; [ 15,  1215, 0.14]
   17; [ 16,  1115, 0.14]
   17; [ 17,  1158, 0.14]
   17; [ 18,   424, 0.14]
   17; [ 19,  1107, 0.14]
   17; [ 20,    89, 0.13]
   17; [ 21,   645, 0.13]
   17; [ 22,   362, 0.12]
   17; [ 23,   540, 0.12]
   17; [ 24,   924, 0.12]
   17; [ 25,   185, 0.12]
   17; [ 26,   673, 0.11]
   17; [ 27,   992, 0.11]
   17; [ 28,   291, 0.11]
   17; [ 29,   357, 0.10]
   17; [ 30,   220, 0.10]
   17; [ 31,   791, 0.10]
   17; [ 32,   852, 0.10]
   17; [ 33,   186, 0.10]
   18; [  1,  1089, 0.42]
   18; [  2,   810, 0.23]
   18; [  3,   642, 0.21]
   18; [  4,   656, 0.20]
   18; [  5,   992, 0.19]
   18; [  6,   129, 0.18]
   18; [  7,   616, 0.18]
   18; [  8,  1016, 0.17]
   18; [  9,   816, 0.16]
   18; [ 10,   220, 0.15]
   18; [ 11,   181, 0.14]
   18; [ 12,   424, 0.14]
   18; [ 13,   688, 0.14]
   18; [ 14,   313, 0.14]
   18; [ 15,   291, 0.13]
   18; [ 16,    89, 0.13]
   18; [ 17,    96, 0.13]
   18; [ 18,   157, 0.13]
   18; [ 19,   900, 0.13]
   18; [ 20,   199, 0.13]
   18; [ 21,   153, 0.12]
   18; [ 22,   395, 0.12]
   18; [ 23,   844, 0.12]
   18; [ 24,  1012, 0.12]
   18; [ 25,  1168, 0.11]
   18; [ 26,   359, 0.11]
   18; [ 27,   185, 0.11]
   18; [ 28,   282, 0.11]
   18; [ 29,   993, 0.11]
   18; [ 30,    82, 0.11]
   18; [ 31,   156, 0.11]
   18; [ 32,   323, 0.10]
   18; [ 33,   994, 0.10]
   18; [ 34,   227, 0.10]
   18; [ 35,  1013, 0.10]
   18; [ 36,   657, 0.10]
   19; [  1,   908, 0.25]
   19; [  2,   657, 0.22]
   19; [  3,   770, 0.20]
   19; [  4,   186, 0.19]
   19; [  5,  1234, 0.19]
   19; [  6,   936, 0.19]
   19; [  7,   823, 0.18]
   19; [  8,   799, 0.17]
   19; [  9,  1118, 0.17]
   19; [ 10,   833, 0.17]
   19; [ 11,   852, 0.17]
   19; [ 12,   648, 0.16]
   19; [ 13,   991, 0.16]
   19; [ 14,   510, 0.16]
   19; [ 15,  1101, 0.16]
   19; [ 16,   806, 0.16]
   19; [ 17,   897, 0.15]
   19; [ 18,   413, 0.15]
   19; [ 19,   645, 0.15]
   19; [ 20,   156, 0.15]
   19; [ 21,   357, 0.15]
   19; [ 22,   816, 0.15]
   19; [ 23,   906, 0.15]
   19; [ 24,   733, 0.15]
   19; [ 25,   772, 0.14]
   19; [ 26,    68, 0.14]
   19; [ 27,    64, 0.14]
   19; [ 28,    49, 0.13]
   19; [ 29,    17, 0.13]
   19; [ 30,   725, 0.13]
   19; [ 31,   370, 0.13]
   19; [ 32,   697, 0.13]
   19; [ 33,    51, 0.13]
   19; [ 34,    96, 0.13]
   19; [ 35,   687, 0.12]
   19; [ 36,   392, 0.12]
   19; [ 37,   559, 0.12]
   19; [ 38,   900, 0.12]
   19; [ 39,    63, 0.12]
   19; [ 40,  1028, 0.12]
   19; [ 41,   322, 0.12]
   19; [ 42,   238, 0.12]
   19; [ 43,   443, 0.12]
   19; [ 44,   901, 0.12]
   19; [ 45,   205, 0.12]
   19; [ 46,   135, 0.12]
   19; [ 47,   508, 0.11]
   19; [ 48,   452, 0.11]
   19; [ 49,  1012, 0.11]
   19; [ 50,    52, 0.11]
   19; [ 51,  1008, 0.11]
   19; [ 52,   798, 0.11]
   19; [ 53,   660, 0.11]
   19; [ 54,   583, 0.10]
   19; [ 55,   398, 0.10]
   19; [ 56,  1080, 0.10]
   19; [ 57,    58, 0.10]
   19; [ 58,   791, 0.10]
   19; [ 59,   359, 0.10]
   19; [ 60,   474, 0.10]
   19; [ 61,   616, 0.10]
   20; [  1,  1215, 0.40]
   20; [  2,   924, 0.38]
   20; [  3,   540, 0.33]
   20; [  4,   970, 0.29]
   20; [  5,  1066, 0.29]
   20; [  6,  1168, 0.28]
   20; [  7,   758, 0.26]
   20; [  8,   292, 0.24]
   20; [  9,  1239, 0.24]
   20; [ 10,   207, 0.22]
   20; [ 11,   283, 0.21]
   20; [ 12,   810, 0.20]
   20; [ 13,   962, 0.20]
   20; [ 14,  1030, 0.19]
   20; [ 15,   919, 0.19]
   20; [ 16,   662, 0.18]
   20; [ 17,   208, 0.18]
   20; [ 18,   126, 0.18]
   20; [ 19,   816, 0.17]
   20; [ 20,   286, 0.17]
   20; [ 21,   278, 0.16]
   20; [ 22,  1050, 0.15]
   20; [ 23,   802, 0.14]
   20; [ 24,   510, 0.14]
   20; [ 25,   581, 0.14]
   20; [ 26,   538, 0.14]
   20; [ 27,  1213, 0.13]
   20; [ 28,   603, 0.13]
   20; [ 29,   688, 0.13]
   20; [ 30,   752, 0.13]
   20; [ 31,   830, 0.12]
   20; [ 32,   424, 0.12]
   20; [ 33,  1087, 0.12]
   20; [ 34,   135, 0.12]
   20; [ 35,   992, 0.12]
   20; [ 36,  1039, 0.12]
   20; [ 37,    89, 0.12]
   20; [ 38,  1158, 0.12]
   20; [ 39,   339, 0.12]
   20; [ 40,  1115, 0.12]
   20; [ 41,   539, 0.11]
   20; [ 42,   730, 0.11]
   20; [ 43,   317, 0.11]
   20; [ 44,   287, 0.11]
   20; [ 45,   332, 0.11]
   21; [  1,    68, 0.32]
   21; [  2,  1158, 0.30]
   21; [  3,   126, 0.24]
   21; [  4,   709, 0.21]
   21; [  5,   899, 0.17]
   21; [  6,   815, 0.17]
   21; [  7,   715, 0.16]
   21; [  8,   928, 0.15]
   21; [  9,   828, 0.15]
   21; [ 10,   251, 0.15]
   21; [ 11,   449, 0.13]
   21; [ 12,   901, 0.13]
   21; [ 13,    72, 0.13]
   21; [ 14,    97, 0.12]
   21; [ 15,  1115, 0.12]
   21; [ 16,   493, 0.12]
   21; [ 17,  1218, 0.12]
   21; [ 18,    96, 0.12]
   21; [ 19,   791, 0.12]
   21; [ 20,   810, 0.11]
   21; [ 21,   708, 0.11]
   21; [ 22,   601, 0.11]
   21; [ 23,    98, 0.11]
   21; [ 24,   676, 0.11]
   21; [ 25,   443, 0.11]
   21; [ 26,   943, 0.11]
   21; [ 27,    70, 0.10]
   21; [ 28,    20, 0.10]
   22; [  1,   328, 0.27]
   22; [  2,   113, 0.27]
   22; [  3,   871, 0.25]
   22; [  4,   780, 0.23]
   22; [  5,   934, 0.22]
   22; [  6,   488, 0.20]
   22; [  7,   881, 0.20]
   22; [  8,   874, 0.20]
   22; [  9,   645, 0.18]
   22; [ 10,   671, 0.18]
   22; [ 11,    42, 0.17]
   22; [ 12,   366, 0.17]
   22; [ 13,  1114, 0.17]
   22; [ 14,   664, 0.17]
   22; [ 15,   343, 0.17]
   22; [ 16,   167, 0.16]
   22; [ 17,   365, 0.16]
   22; [ 18,  1144, 0.16]
   22; [ 19,   342, 0.16]
   22; [ 20,   610, 0.16]
   22; [ 21,   692, 0.16]
   22; [ 22,   807, 0.15]
   22; [ 23,   427, 0.15]
   22; [ 24,   431, 0.15]
   22; [ 25,   790, 0.15]
   22; [ 26,   576, 0.14]
   22; [ 27,  1194, 0.13]
   22; [ 28,   889, 0.13]
   22; [ 29,   264, 0.13]
   22; [ 30,    38, 0.13]
   22; [ 31,   705, 0.13]
   22; [ 32,   888, 0.13]
   22; [ 33,   968, 0.13]
   22; [ 34,   559, 0.12]
   22; [ 35,   977, 0.12]
   22; [ 36,   369, 0.12]
   22; [ 37,   130, 0.12]
   22; [ 38,   104, 0.12]
   22; [ 39,   382, 0.12]
   22; [ 40,   480, 0.11]
   22; [ 41,   285, 0.11]
   22; [ 42,  1096, 0.11]
   22; [ 43,   583, 0.11]
   22; [ 44,   842, 0.11]
   22; [ 45,   988, 0.11]
   22; [ 46,   154, 0.11]
   22; [ 47,   510, 0.11]
   22; [ 48,   212, 0.11]
   22; [ 49,  1208, 0.11]
   22; [ 50,   850, 0.11]
   22; [ 51,   503, 0.10]
   22; [ 52,   332, 0.10]
   22; [ 53,   347, 0.10]
   22; [ 54,   411, 0.10]
   22; [ 55,  1062, 0.10]
   23; [  1,   247, 0.28]
   23; [  2,  1080, 0.27]
   23; [  3,   432, 0.25]
   23; [  4,    46, 0.17]
   23; [  5,   770, 0.17]
   23; [  6,   881, 0.17]
   23; [  7,   728, 0.15]
   23; [  8,   490, 0.15]
   23; [  9,   545, 0.15]
   23; [ 10,   863, 0.15]
   23; [ 11,    99, 0.14]
   23; [ 12,  1204, 0.14]
   23; [ 13,   841, 0.13]
   23; [ 14,   476, 0.13]
   23; [ 15,   779, 0.13]
   23; [ 16,   791, 0.13]
   23; [ 17,   796, 0.13]
   23; [ 18,  1091, 0.13]
   23; [ 19,   799, 0.13]
   23; [ 20,   421, 0.12]
   23; [ 21,   719, 0.12]
   23; [ 22,   241, 0.12]
   23; [ 23,   751, 0.12]
   23; [ 24,   197, 0.11]
   23; [ 25,   755, 0.11]
   23; [ 26,   745, 0.11]
   23; [ 27,   158, 0.11]
   23; [ 28,   902, 0.11]
   23; [ 29,   486, 0.10]
   23; [ 30,   978, 0.10]
   24; [  1,   210, 0.36]
   24; [  2,    96, 0.22]
   24; [  3,   949, 0.18]
   24; [  4,  1084, 0.16]
   24; [  5,   256, 0.16]
   24; [  6,   120, 0.16]
   24; [  7,   285, 0.15]
   24; [  8,    56, 0.14]
   24; [  9,   582, 0.14]
   24; [ 10,  1007, 0.14]
   24; [ 11,   190, 0.12]
   24; [ 12,  1192, 0.12]
   24; [ 13,   902, 0.12]
   24; [ 14,   793, 0.11]
   24; [ 15,    64, 0.11]
   24; [ 16,    60, 0.11]
   24; [ 17,   566, 0.11]
   24; [ 18,   921, 0.11]
   24; [ 19,    42, 0.11]
   25; [  1,  1225, 0.34]
   25; [  2,   328, 0.22]
   25; [  3,   913, 0.22]
   25; [  4,  1194, 0.22]
   25; [  5,   366, 0.21]
   25; [  6,  1109, 0.19]
   25; [  7,   645, 0.19]
   25; [  8,   365, 0.19]
   25; [  9,   142, 0.19]
   25; [ 10,   926, 0.18]
   25; [ 11,   106, 0.18]
   25; [ 12,     9, 0.17]
   25; [ 13,   225, 0.17]
   25; [ 14,   647, 0.17]
   25; [ 15,  1201, 0.16]
   25; [ 16,   162, 0.16]
   25; [ 17,   970, 0.16]
   25; [ 18,   411, 0.15]
   25; [ 19,  1097, 0.15]
   25; [ 20,   763, 0.15]
   25; [ 21,   370, 0.15]
   25; [ 22,   236, 0.15]
   25; [ 23,   118, 0.14]
   25; [ 24,   297, 0.14]
   25; [ 25,   254, 0.13]
   25; [ 26,   548, 0.13]
   25; [ 27,   464, 0.13]
   25; [ 28,   420, 0.13]
   25; [ 29,   121, 0.13]
   25; [ 30,   735, 0.13]
   25; [ 31,   570, 0.13]
   25; [ 32,   281, 0.13]
   25; [ 33,  1222, 0.13]
   25; [ 34,  1237, 0.12]
   25; [ 35,   491, 0.12]
   25; [ 36,   104, 0.12]
   25; [ 37,   690, 0.12]
   25; [ 38,  1163, 0.12]
   25; [ 39,   874, 0.12]
   25; [ 40,   634, 0.12]
   25; [ 41,   510, 0.12]
   25; [ 42,  1211, 0.11]
   25; [ 43,   210, 0.11]
   25; [ 44,   752, 0.11]
   25; [ 45,    74, 0.11]
   25; [ 46,   217, 0.11]
   25; [ 47,   221, 0.11]
   25; [ 48,   566, 0.11]
   25; [ 49,   553, 0.11]
   25; [ 50,   858, 0.11]
   25; [ 51,   390, 0.11]
   25; [ 52,   587, 0.10]
   25; [ 53,   199, 0.10]
   25; [ 54,   407, 0.10]
   25; [ 55,   633, 0.10]
   25; [ 56,   174, 0.10]
   25; [ 57,   915, 0.10]
   25; [ 58,   961, 0.10]
   25; [ 59,  1080, 0.10]
   26; [  1,  1061, 0.23]
   26; [  2,   881, 0.22]
   26; [  3,  1238, 0.20]
   26; [  4,    50, 0.20]
   26; [  5,  1144, 0.18]
   26; [  6,   731, 0.17]
   26; [  7,   442, 0.17]
   26; [  8,   150, 0.17]
   26; [  9,   721, 0.17]
   26; [ 10,   842, 0.17]
   26; [ 11,   807, 0.17]
   26; [ 12,   785, 0.16]
   26; [ 13,  1156, 0.16]
   26; [ 14,   281, 0.14]
   26; [ 15,    76, 0.14]
   26; [ 16,   617, 0.14]
   26; [ 17,   450, 0.14]
   26; [ 18,   146, 0.13]
   26; [ 19,   515, 0.13]
   26; [ 20,   104, 0.13]
   26; [ 21,  1235, 0.12]
   26; [ 22,   193, 0.12]
   26; [ 23,  1161, 0.12]
   26; [ 24,    86, 0.11]
   26; [ 25,   488, 0.11]
   26; [ 26,   420, 0.10]
   27; [  1,   905, 0.25]
   27; [  2,   599, 0.25]
   27; [  3,   949, 0.18]
   27; [  4,   921, 0.18]
   27; [  5,    96, 0.17]
   27; [  6,   543, 0.16]
   27; [  7,   995, 0.13]
   27; [  8,   977, 0.13]
   27; [  9,   221, 0.12]
   27; [ 10,  1213, 0.12]
   27; [ 11,   366, 0.12]
   27; [ 12,   766, 0.12]
   27; [ 13,   485, 0.10]
   27; [ 14,  1201, 0.10]
   27; [ 15,   217, 0.10]
   27; [ 16,    69, 0.10]
   27; [ 17,   473, 0.10]
   28; [  1,   687, 0.39]
   28; [  2,   477, 0.32]
   28; [  3,   352, 0.24]
   28; [  4,   398, 0.23]
   28; [  5,   351, 0.21]
   28; [  6,  1166, 0.20]
   28; [  7,   262, 0.16]
   28; [  8,   720, 0.14]
   28; [  9,   610, 0.14]
   28; [ 10,   807, 0.13]
   28; [ 11,   808, 0.12]
   28; [ 12,  1224, 0.12]
   28; [ 13,   650, 0.12]
   28; [ 14,   322, 0.11]
   28; [ 15,  1239, 0.11]
   28; [ 16,   130, 0.11]
   28; [ 17,   230, 0.10]
   29; [  1,   687, 0.45]
   29; [  2,  1224, 0.40]
   29; [  3,   665, 0.21]
   29; [  4,   799, 0.20]
   29; [  5,   650, 0.20]
   29; [  6,  1239, 0.19]
   29; [  7,   130, 0.19]
   29; [  8,   230, 0.18]
   29; [  9,   763, 0.17]
   29; [ 10,   107, 0.17]
   29; [ 11,   398, 0.16]
   29; [ 12,  1192, 0.16]
   29; [ 13,  1062, 0.16]
   29; [ 14,    22, 0.16]
   29; [ 15,   406, 0.16]
   29; [ 16,   279, 0.16]
   29; [ 17,   557, 0.15]
   29; [ 18,   436, 0.15]
   29; [ 19,  1204, 0.15]
   29; [ 20,     7, 0.14]
   29; [ 21,   366, 0.13]
   29; [ 22,   611, 0.13]
   29; [ 23,   244, 0.13]
   29; [ 24,   262, 0.13]
   29; [ 25,   254, 0.12]
   29; [ 26,   610, 0.12]
   29; [ 27,   240, 0.12]
   29; [ 28,   352, 0.12]
   29; [ 29,   720, 0.11]
   29; [ 30,   549, 0.10]
   29; [ 31,   468, 0.10]
   29; [ 32,    32, 0.10]
   29; [ 33,   808, 0.10]
   29; [ 34,   550, 0.10]
   30; [  1,  1001, 0.31]
   30; [  2,  1224, 0.27]
   30; [  3,  1177, 0.27]
   30; [  4,   477, 0.25]
   30; [  5,   225, 0.24]
   30; [  6,  1023, 0.23]
   30; [  7,   557, 0.22]
   30; [  8,   911, 0.21]
   30; [  9,   849, 0.20]
   30; [ 10,  1084, 0.20]
   30; [ 11,   252, 0.19]
   30; [ 12,    43, 0.17]
   30; [ 13,   254, 0.17]
   30; [ 14,  1195, 0.17]
   30; [ 15,     9, 0.15]
   30; [ 16,   938, 0.15]
   30; [ 17,   913, 0.15]
   30; [ 18,   464, 0.15]
   30; [ 19,   433, 0.14]
   30; [ 20,  1031, 0.14]
   30; [ 21,   203, 0.14]
   30; [ 22,   541, 0.14]
   30; [ 23,  1080, 0.13]
   30; [ 24,   162, 0.13]
   30; [ 25,   329, 0.13]
   30; [ 26,   247, 0.13]
   30; [ 27,   211, 0.12]
   30; [ 28,    69, 0.12]
   30; [ 29,   411, 0.12]
   30; [ 30,   858, 0.12]
   30; [ 31,  1096, 0.11]
   30; [ 32,   822, 0.11]
   30; [ 33,  1132, 0.11]
   30; [ 34,   647, 0.10]
   30; [ 35,    96, 0.10]
   30; [ 36,   221, 0.10]
   31; [  1,   433, 0.40]
   31; [  2,   764, 0.34]
   31; [  3,   332, 0.25]
   31; [  4,   651, 0.23]
   31; [  5,   760, 0.19]
   31; [  6,  1023, 0.18]
   31; [  7,   586, 0.17]
   31; [  8,  1182, 0.16]
   31; [  9,    43, 0.15]
   31; [ 10,   730, 0.14]
   31; [ 11,   837, 0.13]
   31; [ 12,   552, 0.13]
   31; [ 13,   469, 0.13]
   31; [ 14,   467, 0.13]
   31; [ 15,   180, 0.12]
   31; [ 16,   938, 0.12]
   31; [ 17,   127, 0.12]
   31; [ 18,   335, 0.11]
   31; [ 19,    76, 0.11]
   31; [ 20,   596, 0.11]
   31; [ 21,   145, 0.11]
   31; [ 22,   701, 0.10]
   31; [ 23,  1033, 0.10]
   32; [  1,   389, 0.38]
   32; [  2,   184, 0.33]
   32; [  3,  1080, 0.19]
   32; [  4,  1179, 0.18]
   32; [  5,  1038, 0.15]
   32; [  6,   628, 0.14]
   32; [  7,   506, 0.13]
   32; [  8,   816, 0.13]
   32; [  9,   966, 0.12]
   32; [ 10,   882, 0.12]
   32; [ 11,   838, 0.12]
   32; [ 12,  1194, 0.11]
   32; [ 13,   767, 0.11]
   32; [ 14,   566, 0.11]
   32; [ 15,   925, 0.10]
   33; [  1,   534, 0.24]
   33; [  2,   165, 0.22]
   33; [  3,   811, 0.22]
   33; [  4,   921, 0.16]
   33; [  5,   260, 0.15]
   33; [  6,  1008, 0.14]
   33; [  7,    80, 0.13]
   33; [  8,   978, 0.13]
   33; [  9,   465, 0.13]
   33; [ 10,  1234, 0.12]
   33; [ 11,   126, 0.12]
   33; [ 12,   470, 0.12]
   33; [ 13,    95, 0.11]
   33; [ 14,   570, 0.11]
   33; [ 15,   799, 0.11]
   33; [ 16,    17, 0.11]
   33; [ 17,   388, 0.11]
   33; [ 18,  1074, 0.11]
   33; [ 19,    32, 0.11]
   33; [ 20,   505, 0.10]
   33; [ 21,  1183, 0.10]
   34; [  1,   916, 0.32]
   34; [  2,   929, 0.29]
   34; [  3,   404, 0.27]
   34; [  4,   471, 0.20]
   34; [  5,   337, 0.20]
   34; [  6,   773, 0.18]
   34; [  7,   210, 0.17]
   34; [  8,   978, 0.17]
   34; [  9,   611, 0.16]
   34; [ 10,  1074, 0.16]
   34; [ 11,   302, 0.15]
   34; [ 12,    81, 0.14]
   34; [ 13,   981, 0.14]
   34; [ 14,   930, 0.14]
   34; [ 15,   677, 0.13]
   34; [ 16,   403, 0.13]
   34; [ 17,   877, 0.12]
   34; [ 18,   846, 0.12]
   34; [ 19,   158, 0.12]
   34; [ 20,   793, 0.11]
   34; [ 21,  1236, 0.11]
   34; [ 22,   795, 0.11]
   34; [ 23,   155, 0.10]
   35; [  1,   758, 0.23]
   35; [  2,   882, 0.22]
   35; [  3,   846, 0.21]
   35; [  4,  1128, 0.20]
   35; [  5,   210, 0.18]
   35; [  6,   825, 0.18]
   35; [  7,  1066, 0.17]
   35; [  8,  1105, 0.16]
   35; [  9,    94, 0.16]
   35; [ 10,   191, 0.16]
   35; [ 11,    44, 0.16]
   35; [ 12,   913, 0.15]
   35; [ 13,   254, 0.15]
   35; [ 14,   796, 0.15]
   35; [ 15,  1109, 0.15]
   35; [ 16,   337, 0.14]
   35; [ 17,  1203, 0.14]
   35; [ 18,   793, 0.14]
   35; [ 19,   410, 0.14]
   35; [ 20,  1225, 0.14]
   35; [ 21,   916, 0.13]
   35; [ 22,   546, 0.13]
   35; [ 23,   963, 0.13]
   35; [ 24,    65, 0.13]
   35; [ 25,   929, 0.13]
   35; [ 26,   585, 0.12]
   35; [ 27,    59, 0.12]
   35; [ 28,   207, 0.12]
   35; [ 29,   145, 0.12]
   35; [ 30,   830, 0.12]
   35; [ 31,   691, 0.12]
   35; [ 32,    83, 0.12]
   35; [ 33,   235, 0.12]
   35; [ 34,   685, 0.12]
   35; [ 35,   716, 0.12]
   35; [ 36,   867, 0.12]
   35; [ 37,    96, 0.12]
   35; [ 38,    32, 0.12]
   35; [ 39,   920, 0.11]
   35; [ 40,   689, 0.11]
   35; [ 41,   372, 0.11]
   35; [ 42,   992, 0.11]
   35; [ 43,   179, 0.11]
   35; [ 44,   817, 0.11]
   35; [ 45,   583, 0.11]
   35; [ 46,   382, 0.11]
   35; [ 47,   471, 0.11]
   35; [ 48,   181, 0.11]
   35; [ 49,   407, 0.11]
   35; [ 50,   230, 0.11]
   35; [ 51,  1019, 0.11]
   35; [ 52,  1204, 0.11]
   35; [ 53,   336, 0.11]
   35; [ 54,  1159, 0.11]
   35; [ 55,    88, 0.11]
   35; [ 56,    51, 0.10]
   35; [ 57,   268, 0.10]
   35; [ 58,   527, 0.10]
   35; [ 59,   413, 0.10]
   36; [  1,   766, 0.24]
   36; [  2,   721, 0.24]
   36; [  3,   636, 0.24]
   36; [  4,  1058, 0.22]
   36; [  5,    66, 0.22]
   36; [  6,   526, 0.22]
   36; [  7,   612, 0.20]
   36; [  8,  1037, 0.19]
   36; [  9,   325, 0.17]
   36; [ 10,   522, 0.17]
   36; [ 11,   655, 0.17]
   36; [ 12,   337, 0.14]
   36; [ 13,   793, 0.13]
   36; [ 14,    94, 0.13]
   36; [ 15,  1159, 0.12]
   36; [ 16,   929, 0.10]
   36; [ 17,  1215, 0.10]
   37; [  1,   697, 0.34]
   37; [  2,   894, 0.32]
   37; [  3,   903, 0.24]
   37; [  4,   831, 0.20]
   37; [  5,  1174, 0.19]
   37; [  6,   247, 0.19]
   37; [  7,   817, 0.19]
   37; [  8,   204, 0.18]
   37; [  9,   534, 0.18]
   37; [ 10,   600, 0.17]
   37; [ 11,   605, 0.16]
   37; [ 12,   175, 0.16]
   37; [ 13,   492, 0.16]
   37; [ 14,   488, 0.15]
   37; [ 15,   491, 0.15]
   37; [ 16,   627, 0.14]
   37; [ 17,   165, 0.14]
   37; [ 18,  1133, 0.14]
   37; [ 19,   835, 0.14]
   37; [ 20,  1182, 0.14]
   37; [ 21,  1128, 0.14]
   37; [ 22,   811, 0.13]
   37; [ 23,   465, 0.13]
   37; [ 24,   796, 0.13]
   37; [ 25,  1117, 0.13]
   37; [ 26,   158, 0.13]
   37; [ 27,   378, 0.13]
   37; [ 28,   260, 0.13]
   37; [ 29,  1027, 0.13]
   37; [ 30,   379, 0.12]
   37; [ 31,   946, 0.12]
   37; [ 32,   634, 0.12]
   37; [ 33,   930, 0.12]
   37; [ 34,   403, 0.12]
   37; [ 35,  1028, 0.12]
   37; [ 36,   705, 0.12]
   37; [ 37,   225, 0.12]
   37; [ 38,   818, 0.11]
   37; [ 39,   482, 0.11]
   37; [ 40,  1154, 0.11]
   37; [ 41,   560, 0.11]
   37; [ 42,   670, 0.11]
   37; [ 43,   644, 0.11]
   37; [ 44,    69, 0.11]
   37; [ 45,     3, 0.11]
   37; [ 46,   871, 0.11]
   37; [ 47,    65, 0.11]
   37; [ 48,   774, 0.10]
   37; [ 49,   912, 0.10]
   37; [ 50,   344, 0.10]
   37; [ 51,   712, 0.10]
   37; [ 52,   289, 0.10]
   37; [ 53,   849, 0.10]
   38; [  1,  1224, 0.20]
   38; [  2,   971, 0.20]
   38; [  3,  1236, 0.19]
   38; [  4,  1001, 0.18]
   38; [  5,    14, 0.18]
   38; [  6,   513, 0.17]
   38; [  7,   979, 0.16]
   38; [  8,  1136, 0.16]
   38; [  9,  1068, 0.16]
   38; [ 10,  1096, 0.16]
   38; [ 11,   873, 0.15]
   38; [ 12,   752, 0.15]
   38; [ 13,   112, 0.14]
   38; [ 14,   161, 0.14]
   38; [ 15,   392, 0.14]
   38; [ 16,  1234, 0.14]
   38; [ 17,  1140, 0.13]
   38; [ 18,   599, 0.13]
   38; [ 19,  1219, 0.13]
   38; [ 20,  1130, 0.12]
   38; [ 21,   846, 0.12]
   38; [ 22,   207, 0.12]
   38; [ 23,   350, 0.12]
   38; [ 24,   472, 0.12]
   38; [ 25,   370, 0.12]
   38; [ 26,    72, 0.11]
   38; [ 27,   510, 0.11]
   38; [ 28,   334, 0.11]
   38; [ 29,  1146, 0.11]
   38; [ 30,     3, 0.11]
   38; [ 31,   724, 0.11]
   38; [ 32,   858, 0.11]
   38; [ 33,    99, 0.11]
   38; [ 34,   360, 0.10]
   39; [  1,   407, 0.31]
   39; [  2,  1007, 0.28]
   39; [  3,   966, 0.27]
   39; [  4,   752, 0.20]
   39; [  5,   912, 0.20]
   39; [  6,    84, 0.20]
   39; [  7,   339, 0.19]
   39; [  8,   419, 0.18]
   39; [  9,   494, 0.17]
   39; [ 10,  1210, 0.16]
   39; [ 11,   740, 0.16]
   39; [ 12,    59, 0.16]
   39; [ 13,   439, 0.16]
   39; [ 14,   387, 0.16]
   39; [ 15,   340, 0.16]
   39; [ 16,   479, 0.16]
   39; [ 17,   444, 0.15]
   39; [ 18,  1096, 0.14]
   39; [ 19,   574, 0.14]
   39; [ 20,   223, 0.14]
   39; [ 21,   898, 0.14]
   39; [ 22,   555, 0.13]
   39; [ 23,   937, 0.13]
   39; [ 24,   695, 0.13]
   39; [ 25,   338, 0.13]
   39; [ 26,   647, 0.13]
   39; [ 27,   641, 0.12]
   39; [ 28,   221, 0.12]
   39; [ 29,   560, 0.12]
   39; [ 30,  1161, 0.12]
   39; [ 31,   199, 0.12]
   39; [ 32,   452, 0.12]
   39; [ 33,   430, 0.11]
   39; [ 34,   488, 0.11]
   39; [ 35,   420, 0.11]
   39; [ 36,   880, 0.11]
   39; [ 37,   946, 0.11]
   39; [ 38,   532, 0.10]
   39; [ 39,  1026, 0.10]
   40; [  1,    36, 0.26]
   40; [  2,    77, 0.25]
   40; [  3,   350, 0.22]
   40; [  4,   697, 0.19]
   40; [  5,   465, 0.18]
   40; [  6,     3, 0.16]
   40; [  7,   649, 0.16]
   40; [  8,   145, 0.16]
   40; [  9,   254, 0.16]
   40; [ 10,   798, 0.15]
   40; [ 11,   844, 0.13]
   40; [ 12,   113, 0.13]
   40; [ 13,   120, 0.13]
   40; [ 14,  1234, 0.13]
   40; [ 15,  1126, 0.13]
   40; [ 16,   508, 0.12]
   40; [ 17,   991, 0.12]
   40; [ 18,  1011, 0.12]
   40; [ 19,   791, 0.11]
   40; [ 20,   237, 0.11]
   40; [ 21,   234, 0.11]
   40; [ 22,  1220, 0.11]
   40; [ 23,   377, 0.11]
   40; [ 24,   929, 0.11]
   40; [ 25,   916, 0.11]
   40; [ 26,   560, 0.10]
   40; [ 27,   225, 0.10]
   41; [  1,  1190, 0.50]
   41; [  2,   715, 0.34]
   41; [  3,   157, 0.25]
   41; [  4,   493, 0.24]
   41; [  5,   974, 0.22]
   41; [  6,  1107, 0.21]
   41; [  7,   126, 0.21]
   41; [  8,   581, 0.21]
   41; [  9,   443, 0.20]
   41; [ 10,   970, 0.18]
   41; [ 11,  1215, 0.17]
   41; [ 12,  1239, 0.16]
   41; [ 13,   413, 0.16]
   41; [ 14,   992, 0.16]
   41; [ 15,   165, 0.16]
   41; [ 16,  1155, 0.16]
   41; [ 17,   510, 0.15]
   41; [ 18,   878, 0.14]
   41; [ 19,  1106, 0.14]
   41; [ 20,   603, 0.14]
   41; [ 21,  1108, 0.14]
   41; [ 22,   794, 0.13]
   41; [ 23,   212, 0.13]
   41; [ 24,   399, 0.13]
   41; [ 25,   562, 0.12]
   41; [ 26,   376, 0.12]
   41; [ 27,   414, 0.12]
   41; [ 28,   339, 0.12]
   41; [ 29,  1115, 0.12]
   41; [ 30,    46, 0.12]
   41; [ 31,   928, 0.12]
   41; [ 32,  1218, 0.11]
   41; [ 33,   283, 0.11]
   41; [ 34,   680, 0.11]
   41; [ 35,   642, 0.11]
   41; [ 36,   570, 0.11]
   41; [ 37,   495, 0.11]
   41; [ 38,   276, 0.11]
   41; [ 39,   288, 0.11]
   41; [ 40,   362, 0.11]
   41; [ 41,   411, 0.11]
   41; [ 42,  1219, 0.10]
   41; [ 43,  1194, 0.10]
   41; [ 44,   943, 0.10]
   41; [ 45,   468, 0.10]
   41; [ 46,   613, 0.10]
   41; [ 47,   236, 0.10]
   41; [ 48,  1158, 0.10]
   41; [ 49,   863, 0.10]
   42; [  1,   337, 0.48]
   42; [  2,   601, 0.36]
   42; [  3,   695, 0.30]
   42; [  4,    92, 0.30]
   42; [  5,   585, 0.29]
   42; [  6,   209, 0.29]
   42; [  7,   317, 0.25]
   42; [  8,   416, 0.24]
   42; [  9,   314, 0.20]
   42; [ 10,  1085, 0.15]
   42; [ 11,   493, 0.14]
   42; [ 12,   495, 0.13]
   42; [ 13,  1190, 0.11]
   42; [ 14,   715, 0.10]
   42; [ 15,   856, 0.10]
   43; [  1,   781, 0.23]
   43; [  2,   268, 0.21]
   43; [  3,    94, 0.20]
   43; [  4,   297, 0.20]
   43; [  5,   927, 0.19]
   43; [  6,   997, 0.19]
   43; [  7,   833, 0.19]
   43; [  8,  1109, 0.18]
   43; [  9,    96, 0.17]
   43; [ 10,   199, 0.16]
   43; [ 11,   929, 0.16]
   43; [ 12,   763, 0.16]
   43; [ 13,   776, 0.16]
   43; [ 14,  1021, 0.15]
   43; [ 15,   470, 0.15]
   43; [ 16,  1058, 0.14]
   43; [ 17,   471, 0.14]
   43; [ 18,   642, 0.14]
   43; [ 19,   189, 0.14]
   43; [ 20,    91, 0.13]
   43; [ 21,  1105, 0.12]
   43; [ 22,   716, 0.12]
   43; [ 23,    19, 0.12]
   43; [ 24,   403, 0.12]
   43; [ 25,   404, 0.12]
   43; [ 26,   361, 0.12]
   43; [ 27,  1183, 0.12]
   43; [ 28,   119, 0.12]
   43; [ 29,   616, 0.11]
   43; [ 30,   441, 0.11]
   43; [ 31,   324, 0.11]
   43; [ 32,   759, 0.11]
   43; [ 33,   337, 0.11]
   43; [ 34,   587, 0.11]
   43; [ 35,   793, 0.11]
   43; [ 36,   621, 0.11]
   43; [ 37,    72, 0.10]
   43; [ 38,   325, 0.10]
   43; [ 39,   135, 0.10]
   43; [ 40,   401, 0.10]
   43; [ 41,   519, 0.10]
   43; [ 42,   818, 0.10]
   43; [ 43,   440, 0.10]
   44; [  1,   570, 0.21]
   44; [  2,   319, 0.20]
   44; [  3,   535, 0.17]
   44; [  4,   776, 0.12]
   44; [  5,   956, 0.12]
   44; [  6,   496, 0.12]
   44; [  7,  1223, 0.11]
   44; [  8,   309, 0.11]
   44; [  9,   500, 0.11]
   44; [ 10,   532, 0.11]
   44; [ 11,  1194, 0.11]
   44; [ 12,   241, 0.11]
   44; [ 13,  1144, 0.11]
   44; [ 14,  1085, 0.10]
   44; [ 15,  1057, 0.10]
   45; [  1,   540, 0.28]
   45; [  2,  1159, 0.26]
   45; [  3,   919, 0.25]
   45; [  4,   924, 0.22]
   45; [  5,   538, 0.22]
   45; [  6,   126, 0.21]
   45; [  7,   803, 0.19]
   45; [  8,   493, 0.18]
   45; [  9,   961, 0.17]
   45; [ 10,  1194, 0.17]
   45; [ 11,   376, 0.17]
   45; [ 12,   287, 0.16]
   45; [ 13,  1190, 0.15]
   45; [ 14,   210, 0.14]
   45; [ 15,   208, 0.14]
   45; [ 16,   715, 0.13]
   45; [ 17,   562, 0.13]
   45; [ 18,    32, 0.13]
   45; [ 19,    72, 0.13]
   45; [ 20,   566, 0.12]
   45; [ 21,   339, 0.12]
   45; [ 22,   411, 0.12]
   45; [ 23,   236, 0.12]
   45; [ 24,  1157, 0.11]
   45; [ 25,   495, 0.11]
   45; [ 26,   373, 0.11]
   45; [ 27,   997, 0.11]
   45; [ 28,   691, 0.10]
   45; [ 29,   949, 0.10]
   45; [ 30,   834, 0.10]
   46; [  1,    51, 0.67]
   46; [  2,    53, 0.35]
   46; [  3,  1212, 0.33]
   46; [  4,    52, 0.17]
   46; [  5,  1055, 0.13]
   46; [  6,   856, 0.13]
   46; [  7,   568, 0.12]
   46; [  8,  1059, 0.12]
   46; [  9,   847, 0.12]
   46; [ 10,   950, 0.12]
   46; [ 11,   854, 0.12]
   46; [ 12,   302, 0.11]
   46; [ 13,   171, 0.11]
   46; [ 14,   861, 0.10]
   47; [  1,  1165, 0.22]
   47; [  2,   791, 0.21]
   47; [  3,   840, 0.21]
   47; [  4,   601, 0.20]
   47; [  5,   973, 0.19]
   47; [  6,    92, 0.18]
   47; [  7,   493, 0.17]
   47; [  8,   715, 0.17]
   47; [  9,   436, 0.16]
   47; [ 10,   376, 0.16]
   47; [ 11,   935, 0.15]
   47; [ 12,    26, 0.15]
   47; [ 13,   163, 0.15]
   47; [ 14,   406, 0.14]
   47; [ 15,  1190, 0.14]
   47; [ 16,   719, 0.14]
   47; [ 17,   684, 0.13]
   47; [ 18,  1194, 0.13]
   47; [ 19,   680, 0.13]
   47; [ 20,   566, 0.13]
   47; [ 21,   411, 0.12]
   47; [ 22,   928, 0.12]
   47; [ 23,    72, 0.12]
   47; [ 24,   236, 0.12]
   47; [ 25,   508, 0.12]
   47; [ 26,   642, 0.12]
   47; [ 27,   515, 0.11]
   47; [ 28,  1150, 0.11]
   47; [ 29,   399, 0.11]
   47; [ 30,   314, 0.11]
   47; [ 31,   210, 0.11]
   47; [ 32,   613, 0.10]
   47; [ 33,   373, 0.10]
   47; [ 34,   958, 0.10]
   47; [ 35,   417, 0.10]
   47; [ 36,   997, 0.10]
   48; [  1,   624, 0.33]
   48; [  2,   190, 0.29]
   48; [  3,  1148, 0.24]
   48; [  4,   718, 0.24]
   48; [  5,   300, 0.22]
   48; [  6,   180, 0.19]
   48; [  7,   719, 0.16]
   48; [  8,   875, 0.15]
   48; [  9,   625, 0.13]
   48; [ 10,  1053, 0.13]
   48; [ 11,   336, 0.11]
   48; [ 12,  1057, 0.11]
   49; [  1,   493, 1.20]
   49; [  2,   436, 0.36]
   49; [  3,   138, 0.36]
   49; [  4,   504, 0.31]
   49; [  5,   568, 0.31]
   49; [  6,   562, 0.21]
   49; [  7,   143, 0.21]
   49; [  8,   523, 0.15]
   49; [  9,   691, 0.14]
   49; [ 10,   681, 0.14]
   49; [ 11,   137, 0.14]
   49; [ 12,   553, 0.13]
   49; [ 13,  1198, 0.12]
   49; [ 14,   230, 0.12]
   49; [ 15,   405, 0.11]
   49; [ 16,   494, 0.11]
   49; [ 17,  1190, 0.11]
   49; [ 18,   563, 0.10]
   50; [  1,   435, 0.35]
   50; [  2,   208, 0.29]
   50; [  3,   259, 0.28]
   50; [  4,   848, 0.27]
   50; [  5,   548, 0.22]
   50; [  6,   495, 0.20]
   50; [  7,   973, 0.16]
   50; [  8,   570, 0.16]
   50; [  9,  1230, 0.14]
   50; [ 10,   500, 0.13]
   50; [ 11,   493, 0.12]
   50; [ 12,  1029, 0.12]
   50; [ 13,   221, 0.11]
   50; [ 14,   376, 0.11]
   50; [ 15,  1055, 0.11]
   50; [ 16,   401, 0.11]
   50; [ 17,   919, 0.11]
   50; [ 18,   197, 0.11]
   50; [ 19,   715, 0.11]
   50; [ 20,   166, 0.11]
   50; [ 21,  1190, 0.10]
   51; [  1,   568, 0.20]
   51; [  2,  1185, 0.17]
   51; [  3,   444, 0.16]
   51; [  4,  1171, 0.16]
   51; [  5,   670, 0.16]
   51; [  6,   376, 0.15]
   51; [  7,   513, 0.15]
   51; [  8,   925, 0.14]
   51; [  9,  1102, 0.14]
   51; [ 10,   728, 0.13]
   51; [ 11,   978, 0.13]
   51; [ 12,   375, 0.12]
   51; [ 13,   570, 0.11]
   51; [ 14,   984, 0.11]
   51; [ 15,   959, 0.11]
   51; [ 16,  1008, 0.11]
   51; [ 17,  1016, 0.11]
   51; [ 18,  1172, 0.11]
   51; [ 19,   905, 0.11]
   51; [ 20,   162, 0.11]
   51; [ 21,   975, 0.11]
   51; [ 22,  1062, 0.11]
   51; [ 23,   114, 0.10]
   51; [ 24,   921, 0.10]
   51; [ 25,   496, 0.10]
   51; [ 26,  1234, 0.10]
   51; [ 27,   373, 0.10]
   52; [  1,   406, 0.33]
   53; [  1,  1228, 0.33]
   53; [  2,  1229, 0.31]
   53; [  3,     1, 0.30]
   53; [  4,  1170, 0.24]
   53; [  5,  1173, 0.22]
   53; [  6,   199, 0.19]
   53; [  7,   401, 0.17]
   53; [  8,    61, 0.17]
   53; [  9,  1172, 0.17]
   53; [ 10,  1089, 0.16]
   53; [ 11,   983, 0.15]
   53; [ 12,   187, 0.14]
   53; [ 13,   589, 0.14]
   53; [ 14,   987, 0.13]
   53; [ 15,   609, 0.13]
   53; [ 16,  1102, 0.13]
   53; [ 17,    81, 0.13]
   53; [ 18,   271, 0.12]
   53; [ 19,   333, 0.12]
   53; [ 20,   800, 0.12]
   53; [ 21,   469, 0.12]
   53; [ 22,   710, 0.11]
   53; [ 23,   912, 0.11]
   53; [ 24,   986, 0.11]
   53; [ 25,   861, 0.11]
   53; [ 26,   347, 0.11]
   53; [ 27,    11, 0.11]
   53; [ 28,    25, 0.11]
   53; [ 29,   286, 0.10]
   53; [ 30,   592, 0.10]
   54; [  1,   432, 0.27]
   54; [  2,   488, 0.25]
   54; [  3,   402, 0.21]
   54; [  4,   631, 0.20]
   54; [  5,   793, 0.19]
   54; [  6,  1169, 0.19]
   54; [  7,   229, 0.18]
   54; [  8,   682, 0.18]
   54; [  9,  1163, 0.18]
   54; [ 10,  1060, 0.18]
   54; [ 11,   485, 0.18]
   54; [ 12,   382, 0.17]
   54; [ 13,    11, 0.16]
   54; [ 14,  1013, 0.15]
   54; [ 15,   369, 0.15]
   54; [ 16,    21, 0.14]
   54; [ 17,   623, 0.14]
   54; [ 18,   672, 0.14]
   54; [ 19,   819, 0.14]
   54; [ 20,  1212, 0.13]
   54; [ 21,   626, 0.13]
   54; [ 22,   632, 0.13]
   54; [ 23,   479, 0.12]
   54; [ 24,   324, 0.12]
   54; [ 25,   268, 0.12]
   54; [ 26,   184, 0.12]
   54; [ 27,  1134, 0.12]
   54; [ 28,  1049, 0.12]
   54; [ 29,   228, 0.11]
   54; [ 30,   273, 0.11]
   54; [ 31,  1091, 0.11]
   54; [ 32,   235, 0.10]
   55; [  1,  1013, 0.21]
   55; [  2,   828, 0.21]
   55; [  3,   936, 0.20]
   55; [  4,   426, 0.18]
   55; [  5,  1202, 0.15]
   55; [  6,   983, 0.14]
   55; [  7,    32, 0.13]
   55; [  8,   922, 0.13]
   55; [  9,   973, 0.13]
   55; [ 10,   431, 0.11]
   55; [ 11,  1004, 0.11]
   55; [ 12,   432, 0.10]
   55; [ 13,   176, 0.10]
   55; [ 14,  1131, 0.10]
   56; [  1,   903, 0.48]
   56; [  2,  1102, 0.39]
   56; [  3,   605, 0.27]
   56; [  4,   432, 0.25]
   56; [  5,   987, 0.21]
   56; [  6,   670, 0.19]
   56; [  7,  1143, 0.19]
   56; [  8,  1080, 0.18]
   56; [  9,   517, 0.17]
   56; [ 10,  1089, 0.16]
   56; [ 11,   347, 0.16]
   56; [ 12,   983, 0.15]
   56; [ 13,   176, 0.13]
   56; [ 14,   609, 0.13]
   56; [ 15,    80, 0.13]
   56; [ 16,   200, 0.12]
   56; [ 17,   860, 0.12]
   56; [ 18,  1170, 0.12]
   56; [ 19,  1071, 0.11]
   56; [ 20,    81, 0.11]
   56; [ 21,   581, 0.11]
   56; [ 22,    61, 0.11]
   56; [ 23,    25, 0.11]
   57; [  1,  1089, 0.30]
   57; [  2,   987, 0.24]
   57; [  3,   461, 0.23]
   57; [  4,   874, 0.20]
   57; [  5,    80, 0.20]
   57; [  6,   905, 0.19]
   57; [  7,    81, 0.18]
   57; [  8,  1016, 0.18]
   57; [  9,   793, 0.18]
   57; [ 10,   912, 0.18]
   57; [ 11,  1102, 0.17]
   57; [ 12,   275, 0.16]
   57; [ 13,   271, 0.16]
   57; [ 14,   498, 0.16]
   57; [ 15,   778, 0.16]
   57; [ 16,   223, 0.16]
   57; [ 17,  1213, 0.16]
   57; [ 18,   282, 0.15]
   57; [ 19,   989, 0.15]
   57; [ 20,   178, 0.15]
   57; [ 21,   176, 0.15]
   57; [ 22,  1171, 0.14]
   57; [ 23,  1071, 0.14]
   57; [ 24,   160, 0.14]
   57; [ 25,   459, 0.14]
   57; [ 26,   591, 0.14]
   57; [ 27,   670, 0.14]
   57; [ 28,   802, 0.14]
   57; [ 29,   265, 0.14]
   57; [ 30,   447, 0.13]
   57; [ 31,   200, 0.13]
   57; [ 32,  1223, 0.13]
   57; [ 33,   590, 0.13]
   57; [ 34,  1091, 0.13]
   57; [ 35,   589, 0.13]
   57; [ 36,     1, 0.13]
   57; [ 37,   161, 0.13]
   57; [ 38,    62, 0.13]
   57; [ 39,   177, 0.12]
   57; [ 40,   469, 0.12]
   57; [ 41,   884, 0.12]
   57; [ 42,  1234, 0.12]
   57; [ 43,   959, 0.12]
   57; [ 44,   369, 0.12]
   57; [ 45,   159, 0.12]
   57; [ 46,   135, 0.11]
   57; [ 47,   110, 0.11]
   57; [ 48,  1077, 0.11]
   57; [ 49,   588, 0.11]
   57; [ 50,   726, 0.11]
   57; [ 51,  1190, 0.11]
   57; [ 52,   890, 0.11]
   57; [ 53,  1025, 0.11]
   57; [ 54,   241, 0.11]
   57; [ 55,   409, 0.11]
   57; [ 56,   451, 0.11]
   57; [ 57,   601, 0.11]
   57; [ 58,   479, 0.11]
   57; [ 59,   986, 0.11]
   57; [ 60,   570, 0.11]
   57; [ 61,  1203, 0.10]
   57; [ 62,   444, 0.10]
   57; [ 63,   147, 0.10]
   57; [ 64,  1062, 0.10]
   58; [  1,   187, 0.30]
   58; [  2,  1089, 0.27]
   58; [  3,   670, 0.26]
   58; [  4,    16, 0.23]
   58; [  5,   505, 0.20]
   58; [  6,   400, 0.18]
   58; [  7,   452, 0.17]
   58; [  8,   228, 0.17]
   58; [  9,   574, 0.17]
   58; [ 10,  1134, 0.17]
   58; [ 11,   874, 0.15]
   58; [ 12,   905, 0.15]
   58; [ 13,   370, 0.15]
   58; [ 14,    57, 0.14]
   58; [ 15,   903, 0.14]
   58; [ 16,  1228, 0.13]
   58; [ 17,   118, 0.13]
   58; [ 18,   347, 0.13]
   58; [ 19,   437, 0.12]
   58; [ 20,   160, 0.12]
   58; [ 21,   104, 0.12]
   58; [ 22,   427, 0.12]
   58; [ 23,  1150, 0.12]
   58; [ 24,   800, 0.12]
   58; [ 25,   590, 0.12]
   58; [ 26,   696, 0.12]
   58; [ 27,   281, 0.11]
   58; [ 28,   438, 0.11]
   58; [ 29,   521, 0.11]
   58; [ 30,  1170, 0.11]
   58; [ 31,  1169, 0.10]
   59; [  1,   187, 0.26]
   59; [  2,   670, 0.24]
   59; [  3,    16, 0.22]
   59; [  4,   228, 0.21]
   59; [  5,   574, 0.19]
   59; [  6,  1134, 0.19]
   59; [  7,   400, 0.16]
   59; [  8,   118, 0.16]
   59; [  9,   452, 0.16]
   59; [ 10,   505, 0.16]
   59; [ 11,   370, 0.14]
   59; [ 12,   281, 0.13]
   59; [ 13,   104, 0.12]
   59; [ 14,   521, 0.12]
   59; [ 15,   170, 0.12]
   60; [  1,   275, 0.28]
   60; [  2,  1150, 0.27]
   60; [  3,   570, 0.22]
   60; [  4,  1062, 0.21]
   60; [  5,   959, 0.20]
   60; [  6,  1102, 0.19]
   60; [  7,  1095, 0.18]
   60; [  8,   409, 0.18]
   60; [  9,  1004, 0.18]
   60; [ 10,   444, 0.18]
   60; [ 11,   392, 0.17]
   60; [ 12,  1234, 0.17]
   60; [ 13,  1108, 0.16]
   60; [ 14,   223, 0.16]
   60; [ 15,  1106, 0.15]
   60; [ 16,  1016, 0.14]
   60; [ 17,   348, 0.14]
   60; [ 18,   792, 0.13]
   60; [ 19,  1130, 0.13]
   60; [ 20,   588, 0.13]
   60; [ 21,   660, 0.12]
   60; [ 22,   925, 0.12]
   60; [ 23,   676, 0.12]
   60; [ 24,    27, 0.10]
   61; [  1,   969, 0.34]
   61; [  2,   196, 0.32]
   61; [  3,   502, 0.30]
   61; [  4,   501, 0.23]
   61; [  5,   685, 0.22]
   61; [  6,  1079, 0.22]
   61; [  7,   570, 0.21]
   61; [  8,   490, 0.21]
   61; [  9,   437, 0.20]
   61; [ 10,   195, 0.18]
   61; [ 11,   605, 0.18]
   61; [ 12,   754, 0.17]
   61; [ 13,   370, 0.17]
   61; [ 14,   511, 0.17]
   61; [ 15,   481, 0.17]
   61; [ 16,   383, 0.16]
   61; [ 17,  1111, 0.16]
   61; [ 18,   160, 0.14]
   61; [ 19,   827, 0.14]
   61; [ 20,   590, 0.14]
   61; [ 21,     1, 0.13]
   61; [ 22,   177, 0.13]
   61; [ 23,    25, 0.13]
   61; [ 24,   135, 0.13]
   61; [ 25,    80, 0.12]
   61; [ 26,   912, 0.12]
   61; [ 27,   432, 0.12]
   61; [ 28,  1236, 0.12]
   61; [ 29,   159, 0.12]
   61; [ 30,  1092, 0.12]
   61; [ 31,   589, 0.12]
   61; [ 32,   614, 0.12]
   61; [ 33,    50, 0.11]
   61; [ 34,   439, 0.11]
   61; [ 35,  1173, 0.11]
   61; [ 36,   980, 0.11]
   61; [ 37,   320, 0.11]
   61; [ 38,   680, 0.11]
   61; [ 39,   224, 0.11]
   61; [ 40,   769, 0.11]
   61; [ 41,   733, 0.11]
   61; [ 42,   271, 0.10]
   61; [ 43,   176, 0.10]
   61; [ 44,    17, 0.10]
   61; [ 45,  1181, 0.10]
   62; [  1,    10, 0.33]
   62; [  2,   682, 0.27]
   62; [  3,   479, 0.22]
   62; [  4,   920, 0.21]
   62; [  5,   593, 0.21]
   62; [  6,   605, 0.20]
   62; [  7,  1028, 0.19]
   62; [  8,   496, 0.19]
   62; [  9,  1004, 0.18]
   62; [ 10,  1186, 0.18]
   62; [ 11,  1134, 0.17]
   62; [ 12,   919, 0.17]
   62; [ 13,  1158, 0.16]
   62; [ 14,   944, 0.16]
   62; [ 15,   300, 0.16]
   62; [ 16,   819, 0.15]
   62; [ 17,   647, 0.15]
   62; [ 18,    64, 0.15]
   62; [ 19,    32, 0.15]
   62; [ 20,   489, 0.15]
   62; [ 21,   348, 0.15]
   62; [ 22,   690, 0.15]
   62; [ 23,   208, 0.15]
   62; [ 24,   301, 0.14]
   62; [ 25,   491, 0.13]
   62; [ 26,    63, 0.13]
   62; [ 27,   287, 0.13]
   62; [ 28,   934, 0.13]
   62; [ 29,    66, 0.13]
   62; [ 30,    60, 0.12]
   62; [ 31,    62, 0.12]
   62; [ 32,  1229, 0.12]
   62; [ 33,   533, 0.12]
   62; [ 34,   879, 0.12]
   62; [ 35,   423, 0.12]
   62; [ 36,  1024, 0.12]
   62; [ 37,   599, 0.12]
   62; [ 38,   719, 0.12]
   62; [ 39,  1169, 0.11]
   62; [ 40,  1228, 0.11]
   62; [ 41,   262, 0.11]
   62; [ 42,    41, 0.11]
   62; [ 43,     1, 0.11]
   62; [ 44,   763, 0.11]
   62; [ 45,   446, 0.11]
   62; [ 46,  1212, 0.10]
   62; [ 47,  1187, 0.10]
   62; [ 48,   387, 0.10]
   63; [  1,   196, 0.20]
   63; [  2,   240, 0.19]
   63; [  3,   582, 0.18]
   63; [  4,   685, 0.18]
   63; [  5,   577, 0.17]
   63; [  6,  1171, 0.16]
   63; [  7,   988, 0.16]
   63; [  8,  1207, 0.14]
   63; [  9,   785, 0.12]
   63; [ 10,   564, 0.12]
   63; [ 11,   400, 0.11]
   63; [ 12,   548, 0.11]
   63; [ 13,   368, 0.10]
   64; [  1,   897, 0.20]
   64; [  2,   940, 0.20]
   64; [  3,  1188, 0.19]
   64; [  4,    27, 0.19]
   64; [  5,   628, 0.19]
   64; [  6,   291, 0.17]
   64; [  7,   576, 0.17]
   64; [  8,    22, 0.17]
   64; [  9,   907, 0.17]
   64; [ 10,   196, 0.17]
   64; [ 11,   871, 0.17]
   64; [ 12,   523, 0.16]
   64; [ 13,   188, 0.16]
   64; [ 14,   957, 0.16]
   64; [ 15,  1006, 0.16]
   64; [ 16,   649, 0.16]
   64; [ 17,  1195, 0.16]
   64; [ 18,    62, 0.15]
   64; [ 19,   543, 0.15]
   64; [ 20,   850, 0.15]
   64; [ 21,   904, 0.15]
   64; [ 22,  1149, 0.15]
   64; [ 23,   548, 0.15]
   64; [ 24,  1206, 0.14]
   64; [ 25,   368, 0.14]
   64; [ 26,   227, 0.14]
   64; [ 27,   348, 0.14]
   64; [ 28,    74, 0.14]
   64; [ 29,  1003, 0.14]
   64; [ 30,   660, 0.14]
   64; [ 31,   963, 0.13]
   64; [ 32,     3, 0.13]
   64; [ 33,   872, 0.13]
   64; [ 34,  1110, 0.13]
   64; [ 35,   309, 0.13]
   64; [ 36,   606, 0.13]
   64; [ 37,   414, 0.13]
   64; [ 38,  1200, 0.13]
   64; [ 39,   458, 0.13]
   64; [ 40,  1024, 0.12]
   64; [ 41,   829, 0.12]
   64; [ 42,    91, 0.12]
   64; [ 43,  1201, 0.12]
   64; [ 44,  1231, 0.12]
   64; [ 45,  1081, 0.12]
   64; [ 46,   108, 0.12]
   64; [ 47,   513, 0.12]
   64; [ 48,   814, 0.12]
   64; [ 49,   646, 0.12]
   64; [ 50,   472, 0.12]
   64; [ 51,  1005, 0.12]
   64; [ 52,   233, 0.12]
   64; [ 53,   674, 0.12]
   64; [ 54,   194, 0.11]
   64; [ 55,  1035, 0.11]
   64; [ 56,    77, 0.11]
   64; [ 57,   632, 0.11]
   64; [ 58,   763, 0.11]
   64; [ 59,  1038, 0.11]
   64; [ 60,   461, 0.11]
   64; [ 61,   495, 0.11]
   64; [ 62,   941, 0.11]
   64; [ 63,    24, 0.11]
   64; [ 64,  1174, 0.11]
   64; [ 65,    89, 0.11]
   64; [ 66,    32, 0.11]
   64; [ 67,   827, 0.11]
   64; [ 68,  1030, 0.11]
   64; [ 69,   846, 0.11]
   64; [ 70,   996, 0.11]
   64; [ 71,   942, 0.11]
   64; [ 72,   242, 0.11]
   64; [ 73,   950, 0.11]
   64; [ 74,    13, 0.10]
   64; [ 75,  1040, 0.10]
   64; [ 76,    38, 0.10]
   64; [ 77,  1150, 0.10]
   64; [ 78,    64, 0.10]
   64; [ 79,   625, 0.10]
   64; [ 80,   180, 0.10]
   64; [ 81,   259, 0.10]
   64; [ 82,   992, 0.10]
   64; [ 83,   676, 0.10]
   64; [ 84,  1147, 0.10]
   65; [  1,  1150, 0.42]
   65; [  2,  1109, 0.35]
   65; [  3,   204, 0.25]
   65; [  4,   388, 0.25]
   65; [  5,  1214, 0.24]
   65; [  6,   210, 0.20]
   65; [  7,    64, 0.20]
   65; [  8,   446, 0.19]
   65; [  9,    96, 0.19]
   65; [ 10,   906, 0.19]
   65; [ 11,   697, 0.19]
   65; [ 12,   490, 0.18]
   65; [ 13,   566, 0.18]
   65; [ 14,   964, 0.17]
   65; [ 15,   842, 0.16]
   65; [ 16,    20, 0.16]
   65; [ 17,   368, 0.16]
   65; [ 18,  1212, 0.15]
   65; [ 19,   904, 0.15]
   65; [ 20,   192, 0.14]
   65; [ 21,   323, 0.14]
   65; [ 22,  1223, 0.14]
   65; [ 23,   814, 0.14]
   65; [ 24,    50, 0.14]
   65; [ 25,  1110, 0.13]
   65; [ 26,   480, 0.13]
   65; [ 27,  1045, 0.13]
   65; [ 28,   546, 0.13]
   65; [ 29,  1063, 0.13]
   65; [ 30,   803, 0.13]
   65; [ 31,    90, 0.13]
   65; [ 32,    24, 0.12]
   65; [ 33,  1003, 0.12]
   65; [ 34,   372, 0.12]
   65; [ 35,   437, 0.12]
   65; [ 36,  1195, 0.12]
   65; [ 37,  1062, 0.12]
   65; [ 38,   907, 0.12]
   65; [ 39,   613, 0.12]
   65; [ 40,   241, 0.12]
   65; [ 41,   605, 0.12]
   65; [ 42,   349, 0.12]
   65; [ 43,  1073, 0.12]
   65; [ 44,  1172, 0.12]
   65; [ 45,   174, 0.12]
   65; [ 46,   499, 0.11]
   65; [ 47,   150, 0.11]
   65; [ 48,   473, 0.11]
   65; [ 49,  1057, 0.11]
   65; [ 50,   498, 0.11]
   65; [ 51,   337, 0.11]
   65; [ 52,   434, 0.11]
   65; [ 53,   170, 0.11]
   65; [ 54,   140, 0.11]
   65; [ 55,  1206, 0.11]
   65; [ 56,  1047, 0.11]
   65; [ 57,   793, 0.11]
   65; [ 58,  1007, 0.10]
   65; [ 59,   190, 0.10]
   65; [ 60,   443, 0.10]
   65; [ 61,  1071, 0.10]
   65; [ 62,    57, 0.10]
   65; [ 63,  1112, 0.10]
   65; [ 64,   155, 0.10]
   65; [ 65,   903, 0.10]
   65; [ 66,  1004, 0.10]
   65; [ 67,   896, 0.10]
   65; [ 68,    16, 0.10]
   65; [ 69,   948, 0.10]
   65; [ 70,   180, 0.10]
   66; [  1,   799, 0.31]
   66; [  2,    10, 0.28]
   66; [  3,   496, 0.28]
   66; [  4,   763, 0.25]
   66; [  5,    32, 0.25]
   66; [  6,   690, 0.23]
   66; [  7,   944, 0.20]
   66; [  8,   682, 0.19]
   66; [  9,   479, 0.19]
   66; [ 10,   593, 0.18]
   66; [ 11,   348, 0.17]
   66; [ 12,  1028, 0.17]
   66; [ 13,   920, 0.15]
   66; [ 14,   821, 0.15]
   66; [ 15,  1004, 0.15]
   66; [ 16,   979, 0.15]
   66; [ 17,   986, 0.14]
   66; [ 18,   605, 0.14]
   66; [ 19,  1158, 0.14]
   66; [ 20,   300, 0.13]
   66; [ 21,    13, 0.13]
   66; [ 22,   819, 0.13]
   66; [ 23,   489, 0.13]
   66; [ 24,   788, 0.13]
   66; [ 25,   156, 0.13]
   66; [ 26,  1134, 0.13]
   66; [ 27,   942, 0.13]
   66; [ 28,  1186, 0.13]
   66; [ 29,   919, 0.12]
   66; [ 30,  1237, 0.12]
   66; [ 31,   912, 0.12]
   66; [ 32,   491, 0.12]
   66; [ 33,   287, 0.11]
   66; [ 34,   934, 0.11]
   66; [ 35,    66, 0.11]
   66; [ 36,   410, 0.11]
   66; [ 37,   647, 0.11]
   66; [ 38,    60, 0.11]
   66; [ 39,   768, 0.11]
   66; [ 40,   549, 0.11]
   66; [ 41,   208, 0.11]
   66; [ 42,   353, 0.10]
   66; [ 43,  1198, 0.10]
   66; [ 44,  1229, 0.10]
   66; [ 45,   429, 0.10]
   66; [ 46,   533, 0.10]
   66; [ 47,   423, 0.10]
   66; [ 48,  1024, 0.10]
   66; [ 49,   716, 0.10]
   66; [ 50,  1197, 0.10]
   66; [ 51,   719, 0.10]
   66; [ 52,   301, 0.10]
   67; [  1,   914, 0.26]
   67; [  2,   204, 0.21]
   67; [  3,   473, 0.20]
   67; [  4,   148, 0.20]
   67; [  5,   808, 0.19]
   67; [  6,  1097, 0.18]
   67; [  7,   910, 0.18]
   67; [  8,  1234, 0.18]
   67; [  9,   770, 0.17]
   67; [ 10,   727, 0.17]
   67; [ 11,  1219, 0.16]
   67; [ 12,  1192, 0.16]
   67; [ 13,    89, 0.16]
   67; [ 14,   806, 0.16]
   67; [ 15,   692, 0.15]
   67; [ 16,   879, 0.15]
   67; [ 17,   513, 0.15]
   67; [ 18,   396, 0.14]
   67; [ 19,   731, 0.14]
   67; [ 20,   550, 0.14]
   67; [ 21,   778, 0.14]
   67; [ 22,  1216, 0.14]
   67; [ 23,  1017, 0.14]
   67; [ 24,   354, 0.14]
   67; [ 25,   547, 0.14]
   67; [ 26,   346, 0.13]
   67; [ 27,   422, 0.13]
   67; [ 28,   983, 0.13]
   67; [ 29,   913, 0.12]
   67; [ 30,   767, 0.12]
   67; [ 31,   599, 0.12]
   67; [ 32,   842, 0.12]
   67; [ 33,   882, 0.12]
   67; [ 34,   942, 0.11]
   67; [ 35,  1173, 0.11]
   67; [ 36,   472, 0.11]
   67; [ 37,  1091, 0.11]
   67; [ 38,   446, 0.11]
   67; [ 39,  1189, 0.11]
   68; [  1,   546, 0.29]
   68; [  2,    21, 0.28]
   68; [  3,   349, 0.22]
   68; [  4,   628, 0.21]
   68; [  5,   543, 0.21]
   68; [  6,  1149, 0.21]
   68; [  7,  1046, 0.20]
   68; [  8,   206, 0.18]
   68; [  9,   326, 0.18]
   68; [ 10,  1150, 0.12]
   69; [  1,   979, 0.16]
   69; [  2,   332, 0.15]
   69; [  3,    17, 0.15]
   69; [  4,   907, 0.15]
   69; [  5,   822, 0.14]
   69; [  6,   328, 0.14]
   69; [  7,   817, 0.14]
   69; [  8,   193, 0.14]
   69; [  9,   736, 0.13]
   69; [ 10,   327, 0.13]
   69; [ 11,   237, 0.13]
   69; [ 12,   869, 0.13]
   69; [ 13,   703, 0.13]
   69; [ 14,   438, 0.13]
   69; [ 15,  1072, 0.13]
   69; [ 16,  1194, 0.13]
   69; [ 17,  1239, 0.12]
   69; [ 18,   698, 0.12]
   69; [ 19,   285, 0.12]
   69; [ 20,   197, 0.12]
   69; [ 21,   387, 0.11]
   69; [ 22,   363, 0.11]
   69; [ 23,  1172, 0.11]
   69; [ 24,   300, 0.11]
   69; [ 25,  1122, 0.10]
   69; [ 26,  1162, 0.10]
   69; [ 27,   592, 0.10]
   69; [ 28,   489, 0.10]
   70; [  1,   204, 0.23]
   70; [  2,   513, 0.22]
   70; [  3,   698, 0.21]
   70; [  4,  1009, 0.19]
   70; [  5,  1104, 0.19]
   70; [  6,   340, 0.18]
   70; [  7,   822, 0.18]
   70; [  8,   842, 0.18]
   70; [  9,   599, 0.17]
   70; [ 10,   692, 0.17]
   70; [ 11,   882, 0.17]
   70; [ 12,   438, 0.17]
   70; [ 13,   942, 0.16]
   70; [ 14,   983, 0.14]
   70; [ 15,  1093, 0.14]
   70; [ 16,   910, 0.14]
   70; [ 17,   804, 0.14]
   70; [ 18,   473, 0.13]
   70; [ 19,    89, 0.12]
   70; [ 20,   849, 0.12]
   70; [ 21,   472, 0.12]
   70; [ 22,   446, 0.12]
   70; [ 23,   200, 0.11]
   70; [ 24,  1234, 0.11]
   70; [ 25,  1000, 0.11]
   70; [ 26,   858, 0.11]
   70; [ 27,   731, 0.11]
   70; [ 28,   778, 0.10]
   70; [ 29,   346, 0.10]
   70; [ 30,    95, 0.10]
   70; [ 31,   735, 0.10]
   71; [  1,   547, 0.42]
   71; [  2,  1169, 0.24]
   71; [  3,   204, 0.21]
   71; [  4,   910, 0.19]
   71; [  5,  1005, 0.17]
   71; [  6,    60, 0.17]
   71; [  7,   513, 0.16]
   71; [  8,   692, 0.16]
   71; [  9,   297, 0.16]
   71; [ 10,    56, 0.14]
   71; [ 11,   731, 0.14]
   71; [ 12,   473, 0.13]
   71; [ 13,   983, 0.13]
   71; [ 14,   148, 0.13]
   71; [ 15,   599, 0.12]
   71; [ 16,   882, 0.12]
   71; [ 17,   942, 0.12]
   71; [ 18,   472, 0.11]
   71; [ 19,   446, 0.11]
   71; [ 20,   858, 0.10]
   72; [  1,   683, 0.30]
   72; [  2,   733, 0.28]
   72; [  3,   732, 0.27]
   72; [  4,    29, 0.24]
   72; [  5,   435, 0.23]
   72; [  6,   461, 0.23]
   72; [  7,   982, 0.21]
   72; [  8,    23, 0.21]
   72; [  9,   771, 0.21]
   72; [ 10,   682, 0.20]
   72; [ 11,   250, 0.20]
   72; [ 12,   398, 0.19]
   72; [ 13,   979, 0.17]
   72; [ 14,   322, 0.17]
   72; [ 15,  1125, 0.16]
   72; [ 16,   817, 0.15]
   72; [ 17,   736, 0.14]
   72; [ 18,   333, 0.14]
   72; [ 19,   489, 0.14]
   72; [ 20,    11, 0.13]
   72; [ 21,  1239, 0.13]
   72; [ 22,   196, 0.13]
   72; [ 23,   698, 0.13]
   72; [ 24,  1226, 0.13]
   72; [ 25,   849, 0.13]
   72; [ 26,    15, 0.12]
   72; [ 27,   387, 0.12]
   72; [ 28,   641, 0.12]
   72; [ 29,   685, 0.12]
   72; [ 30,   300, 0.11]
   72; [ 31,   442, 0.11]
   72; [ 32,   368, 0.10]
   73; [  1,   630, 0.25]
   73; [  2,   536, 0.24]
   73; [  3,   438, 0.24]
   73; [  4,   227, 0.21]
   73; [  5,    50, 0.21]
   73; [  6,   806, 0.21]
   73; [  7,   843, 0.18]
   73; [  8,  1197, 0.15]
   73; [  9,  1229, 0.15]
   73; [ 10,   224, 0.15]
   73; [ 11,  1228, 0.14]
   73; [ 12,   912, 0.14]
   73; [ 13,   604, 0.13]
   73; [ 14,   580, 0.13]
   73; [ 15,   323, 0.13]
   73; [ 16,   698, 0.13]
   73; [ 17,   820, 0.13]
   73; [ 18,   703, 0.13]
   73; [ 19,   546, 0.12]
   73; [ 20,   211, 0.11]
   73; [ 21,  1150, 0.10]
   73; [ 22,   496, 0.10]
   73; [ 23,   904, 0.10]
   73; [ 24,   237, 0.10]
   73; [ 25,   711, 0.10]
   73; [ 26,  1013, 0.10]
   74; [  1,   914, 0.36]
   74; [  2,   910, 0.26]
   74; [  3,   349, 0.15]
   74; [  4,   192, 0.14]
   74; [  5,   913, 0.14]
   74; [  6,   886, 0.14]
   74; [  7,    87, 0.14]
   74; [  8,   590, 0.14]
   74; [  9,    93, 0.14]
   74; [ 10,   354, 0.14]
   74; [ 11,   547, 0.14]
   74; [ 12,   155, 0.13]
   74; [ 13,   842, 0.13]
   74; [ 14,  1189, 0.13]
   74; [ 15,  1045, 0.12]
   74; [ 16,   885, 0.12]
   74; [ 17,   629, 0.12]
   74; [ 18,   833, 0.12]
   74; [ 19,   138, 0.12]
   74; [ 20,   473, 0.11]
   74; [ 21,   148, 0.11]
   74; [ 22,   206, 0.11]
   74; [ 23,  1091, 0.11]
   74; [ 24,    46, 0.11]
   74; [ 25,   571, 0.11]
   74; [ 26,  1170, 0.10]
   74; [ 27,  1234, 0.10]
   75; [  1,   948, 0.37]
   75; [  2,   241, 0.31]
   75; [  3,  1004, 0.28]
   75; [  4,  1177, 0.25]
   75; [  5,   446, 0.24]
   75; [  6,   587, 0.23]
   75; [  7,   100, 0.23]
   75; [  8,   519, 0.22]
   75; [  9,   316, 0.20]
   75; [ 10,   842, 0.20]
   75; [ 11,  1234, 0.19]
   75; [ 12,   751, 0.18]
   75; [ 13,   677, 0.18]
   75; [ 14,   333, 0.18]
   75; [ 15,   199, 0.17]
   75; [ 16,   597, 0.17]
   75; [ 17,   833, 0.14]
   75; [ 18,    17, 0.13]
   75; [ 19,   979, 0.13]
   75; [ 20,  1000, 0.13]
   75; [ 21,   422, 0.13]
   75; [ 22,  1226, 0.12]
   75; [ 23,   787, 0.12]
   75; [ 24,   763, 0.11]
   75; [ 25,   817, 0.11]
   75; [ 26,   736, 0.11]
   75; [ 27,   489, 0.10]
   75; [ 28,  1239, 0.10]
   76; [  1,   606, 0.34]
   76; [  2,   735, 0.33]
   76; [  3,  1188, 0.32]
   76; [  4,  1123, 0.19]
   76; [  5,  1007, 0.18]
   76; [  6,  1195, 0.16]
   76; [  7,    27, 0.15]
   76; [  8,  1150, 0.15]
   76; [  9,   225, 0.15]
   76; [ 10,   437, 0.15]
   76; [ 11,  1073, 0.14]
   76; [ 12,  1149, 0.14]
   76; [ 13,  1040, 0.13]
   76; [ 14,   211, 0.12]
   76; [ 15,   473, 0.12]
   76; [ 16,   477, 0.11]
   76; [ 17,  1234, 0.11]
   76; [ 18,   247, 0.10]
   77; [  1,   502, 0.27]
   77; [  2,   754, 0.18]
   77; [  3,   501, 0.17]
   77; [  4,   481, 0.16]
   77; [  5,   748, 0.14]
   77; [  6,    50, 0.13]
   77; [  7,   484, 0.13]
   77; [  8,   306, 0.13]
   77; [  9,   151, 0.12]
   77; [ 10,   224, 0.12]
   77; [ 11,   969, 0.12]
   77; [ 12,   196, 0.11]
   77; [ 13,  1079, 0.11]
   77; [ 14,  1149, 0.11]
   77; [ 15,   432, 0.11]
   77; [ 16,  1111, 0.11]
   77; [ 17,   592, 0.10]
   78; [  1,   554, 0.29]
   78; [  2,  1093, 0.26]
   78; [  3,   427, 0.21]
   78; [  4,   607, 0.21]
   78; [  5,  1182, 0.20]
   78; [  6,   282, 0.19]
   78; [  7,   510, 0.19]
   78; [  8,   153, 0.18]
   78; [  9,   439, 0.18]
   78; [ 10,   944, 0.18]
   78; [ 11,   177, 0.17]
   78; [ 12,   586, 0.17]
   78; [ 13,   169, 0.16]
   78; [ 14,   283, 0.16]
   78; [ 15,  1040, 0.16]
   78; [ 16,    84, 0.16]
   78; [ 17,   472, 0.16]
   78; [ 18,   650, 0.15]
   78; [ 19,   184, 0.15]
   78; [ 20,   434, 0.15]
   78; [ 21,   912, 0.15]
   78; [ 22,   200, 0.15]
   78; [ 23,   878, 0.14]
   78; [ 24,   680, 0.14]
   78; [ 25,  1118, 0.14]
   78; [ 26,   503, 0.14]
   78; [ 27,  1165, 0.14]
   78; [ 28,   165, 0.14]
   78; [ 29,   866, 0.14]
   78; [ 30,  1073, 0.13]
   78; [ 31,   320, 0.13]
   78; [ 32,  1015, 0.13]
   78; [ 33,  1183, 0.13]
   78; [ 34,  1127, 0.12]
   78; [ 35,    95, 0.12]
   78; [ 36,   455, 0.12]
   78; [ 37,  1179, 0.12]
   78; [ 38,   771, 0.12]
   78; [ 39,    43, 0.12]
   78; [ 40,  1065, 0.12]
   78; [ 41,   634, 0.11]
   78; [ 42,   628, 0.11]
   78; [ 43,   914, 0.11]
   78; [ 44,   315, 0.11]
   78; [ 45,  1181, 0.11]
   78; [ 46,   253, 0.11]
   78; [ 47,   487, 0.11]
   78; [ 48,  1091, 0.11]
   78; [ 49,  1227, 0.11]
   78; [ 50,   452, 0.11]
   78; [ 51,   146, 0.11]
   78; [ 52,  1112, 0.11]
   78; [ 53,   392, 0.10]
   78; [ 54,   610, 0.10]
   78; [ 55,   943, 0.10]
   78; [ 56,   260, 0.10]
   78; [ 57,   424, 0.10]
   79; [  1,   337, 0.32]
   79; [  2,   945, 0.26]
   79; [  3,   791, 0.25]
   79; [  4,   758, 0.23]
   79; [  5,  1091, 0.23]
   79; [  6,   320, 0.21]
   79; [  7,  1101, 0.21]
   79; [  8,  1066, 0.20]
   79; [  9,   912, 0.20]
   79; [ 10,   455, 0.18]
   79; [ 11,   317, 0.18]
   79; [ 12,   815, 0.17]
   79; [ 13,  1112, 0.17]
   79; [ 14,   282, 0.16]
   79; [ 15,   326, 0.16]
   79; [ 16,   159, 0.16]
   79; [ 17,   424, 0.16]
   79; [ 18,   772, 0.16]
   79; [ 19,   315, 0.14]
   79; [ 20,   186, 0.13]
   79; [ 21,   460, 0.13]
   79; [ 22,  1190, 0.13]
   79; [ 23,   650, 0.13]
   79; [ 24,   809, 0.13]
   79; [ 25,   396, 0.13]
   79; [ 26,   603, 0.12]
   79; [ 27,   924, 0.12]
   79; [ 28,    19, 0.12]
   79; [ 29,  1168, 0.12]
   79; [ 30,  1215, 0.12]
   79; [ 31,   993, 0.12]
   79; [ 32,   673, 0.12]
   79; [ 33,   680, 0.11]
   79; [ 34,  1071, 0.11]
   79; [ 35,   544, 0.11]
   79; [ 36,   510, 0.11]
   79; [ 37,   238, 0.11]
   79; [ 38,   184, 0.11]
   79; [ 39,   992, 0.11]
   79; [ 40,   616, 0.11]
   79; [ 41,  1198, 0.11]
   79; [ 42,  1118, 0.10]
   79; [ 43,   540, 0.10]
   79; [ 44,  1093, 0.10]
   79; [ 45,  1087, 0.10]
   80; [  1,   753, 0.23]
   80; [  2,  1111, 0.21]
   80; [  3,   680, 0.17]
   80; [  4,   945, 0.15]
   80; [  5,   912, 0.15]
   80; [  6,  1181, 0.15]
   80; [  7,  1227, 0.15]
   80; [  8,   696, 0.15]
   80; [  9,   799, 0.14]
   80; [ 10,   684, 0.13]
   80; [ 11,  1078, 0.13]
   80; [ 12,  1090, 0.13]
   80; [ 13,   546, 0.13]
   80; [ 14,  1007, 0.12]
   80; [ 15,  1101, 0.11]
   80; [ 16,   698, 0.11]
   80; [ 17,    27, 0.11]
   81; [  1,   546, 0.45]
   81; [  2,   321, 0.36]
   81; [  3,   592, 0.32]
   81; [  4,   326, 0.22]
   81; [  5,   542, 0.20]
   81; [  6,   458, 0.19]
   81; [  7,   510, 0.13]
   81; [  8,   511, 0.13]
   81; [  9,   904, 0.12]
   81; [ 10,    21, 0.11]
   81; [ 11,   945, 0.11]
   81; [ 12,   195, 0.11]
   81; [ 13,   628, 0.11]
   81; [ 14,  1092, 0.11]
   81; [ 15,  1149, 0.11]
   81; [ 16,  1197, 0.11]
   81; [ 17,   382, 0.11]
   81; [ 18,   208, 0.10]
   82; [  1,    25, 0.25]
   82; [  2,   159, 0.23]
   82; [  3,  1234, 0.21]
   82; [  4,   546, 0.21]
   82; [  5,    90, 0.20]
   82; [  6,   321, 0.20]
   82; [  7,    93, 0.18]
   82; [  8,   969, 0.17]
   82; [  9,   337, 0.17]
   82; [ 10,   326, 0.16]
   82; [ 11,   253, 0.15]
   82; [ 12,  1143, 0.15]
   82; [ 13,  1190, 0.15]
   82; [ 14,   327, 0.14]
   82; [ 15,   438, 0.14]
   82; [ 16,  1087, 0.13]
   82; [ 17,  1151, 0.13]
   82; [ 18,   912, 0.12]
   82; [ 19,   987, 0.12]
   82; [ 20,   543, 0.12]
   82; [ 21,   135, 0.12]
   82; [ 22,   498, 0.12]
   82; [ 23,  1066, 0.12]
   82; [ 24,  1171, 0.11]
   82; [ 25,   745, 0.11]
   82; [ 26,   986, 0.11]
   82; [ 27,   735, 0.11]
   82; [ 28,   599, 0.11]
   82; [ 29,   432, 0.10]
   82; [ 30,   473, 0.10]
   82; [ 31,   501, 0.10]
   83; [  1,  1203, 0.34]
   83; [  2,   669, 0.29]
   83; [  3,    18, 0.24]
   83; [  4,   445, 0.19]
   83; [  5,   432, 0.16]
   83; [  6,   829, 0.16]
   83; [  7,   572, 0.15]
   83; [  8,   501, 0.13]
   83; [  9,   306, 0.12]
   83; [ 10,   166, 0.12]
   83; [ 11,   983, 0.11]
   83; [ 12,  1102, 0.11]
   83; [ 13,   578, 0.11]
   83; [ 14,   886, 0.10]
   83; [ 15,   397, 0.10]
   84; [  1,   160, 0.49]
   84; [  2,   668, 0.31]
   84; [  3,  1089, 0.30]
   84; [  4,  1112, 0.30]
   84; [  5,   718, 0.29]
   84; [  6,   922, 0.27]
   84; [  7,     8, 0.27]
   84; [  8,   784, 0.26]
   84; [  9,   986, 0.23]
   84; [ 10,   555, 0.23]
   84; [ 11,   550, 0.22]
   84; [ 12,  1025, 0.18]
   84; [ 13,   479, 0.18]
   84; [ 14,   282, 0.15]
   84; [ 15,   384, 0.15]
   84; [ 16,   346, 0.15]
   84; [ 17,   459, 0.14]
   84; [ 18,   802, 0.14]
   84; [ 19,   590, 0.13]
   84; [ 20,    79, 0.13]
   84; [ 21,     1, 0.13]
   84; [ 22,   161, 0.13]
   84; [ 23,    62, 0.13]
   84; [ 24,   177, 0.13]
   84; [ 25,   469, 0.13]
   84; [ 26,   905, 0.13]
   84; [ 27,   884, 0.12]
   84; [ 28,    80, 0.12]
   84; [ 29,   912, 0.12]
   84; [ 30,   588, 0.12]
   84; [ 31,   159, 0.12]
   84; [ 32,   623, 0.12]
   84; [ 33,   987, 0.11]
   84; [ 34,  1077, 0.11]
   84; [ 35,  1203, 0.10]
   85; [  1,   499, 0.29]
   85; [  2,  1089, 0.28]
   85; [  3,   160, 0.27]
   85; [  4,  1118, 0.26]
   85; [  5,   237, 0.23]
   85; [  6,   915, 0.23]
   85; [  7,   541, 0.22]
   85; [  8,   609, 0.22]
   85; [  9,  1008, 0.22]
   85; [ 10,   446, 0.21]
   85; [ 11,   432, 0.21]
   85; [ 12,   618, 0.21]
   85; [ 13,   241, 0.19]
   85; [ 14,   161, 0.19]
   85; [ 15,    17, 0.19]
   85; [ 16,   696, 0.18]
   85; [ 17,   642, 0.18]
   85; [ 18,   223, 0.18]
   85; [ 19,   497, 0.18]
   85; [ 20,   942, 0.17]
   85; [ 21,   487, 0.17]
   85; [ 22,   516, 0.17]
   85; [ 23,  1197, 0.16]
   85; [ 24,   651, 0.16]
   85; [ 25,   350, 0.16]
   85; [ 26,   723, 0.16]
   85; [ 27,   641, 0.16]
   85; [ 28,    61, 0.16]
   85; [ 29,   568, 0.16]
   85; [ 30,   494, 0.16]
   85; [ 31,  1228, 0.16]
   85; [ 32,   452, 0.15]
   85; [ 33,   262, 0.15]
   85; [ 34,   135, 0.15]
   85; [ 35,   202, 0.15]
   85; [ 36,   588, 0.15]
   85; [ 37,   110, 0.14]
   85; [ 38,  1011, 0.14]
   85; [ 39,   549, 0.14]
   85; [ 40,  1065, 0.14]
   85; [ 41,   708, 0.14]
   85; [ 42,   250, 0.14]
   85; [ 43,   503, 0.14]
   85; [ 44,  1086, 0.13]
   85; [ 45,   875, 0.13]
   85; [ 46,   123, 0.13]
   85; [ 47,   559, 0.13]
   85; [ 48,   505, 0.13]
   85; [ 49,   571, 0.13]
   85; [ 50,   133, 0.13]
   85; [ 51,    23, 0.13]
   85; [ 52,   517, 0.13]
   85; [ 53,   621, 0.13]
   85; [ 54,   508, 0.13]
   85; [ 55,   867, 0.13]
   85; [ 56,   355, 0.12]
   85; [ 57,  1112, 0.12]
   85; [ 58,   375, 0.12]
   85; [ 59,   590, 0.12]
   85; [ 60,   790, 0.12]
   85; [ 61,   983, 0.12]
   85; [ 62,     1, 0.12]
   85; [ 63,   400, 0.12]
   85; [ 64,  1005, 0.12]
   85; [ 65,   553, 0.12]
   85; [ 66,    62, 0.12]
   85; [ 67,   272, 0.12]
   85; [ 68,   398, 0.12]
   85; [ 69,   595, 0.12]
   85; [ 70,   762, 0.11]
   85; [ 71,   533, 0.11]
   85; [ 72,   295, 0.11]
   85; [ 73,   441, 0.11]
   85; [ 74,   911, 0.11]
   85; [ 75,  1169, 0.11]
   85; [ 76,  1015, 0.11]
   85; [ 77,   987, 0.11]
   85; [ 78,   322, 0.11]
   85; [ 79,   370, 0.10]
   85; [ 80,   522, 0.10]
   86; [  1,   160, 0.55]
   86; [  2,   668, 0.41]
   86; [  3,   718, 0.36]
   86; [  4,   986, 0.35]
   86; [  5,     8, 0.35]
   86; [  6,  1112, 0.33]
   86; [  7,   922, 0.32]
   86; [  8,  1077, 0.32]
   86; [  9,   905, 0.31]
   86; [ 10,    62, 0.29]
   86; [ 11,  1089, 0.22]
   86; [ 12,   550, 0.22]
   86; [ 13,   282, 0.21]
   86; [ 14,   555, 0.21]
   86; [ 15,   271, 0.21]
   86; [ 16,   135, 0.21]
   86; [ 17,   903, 0.20]
   86; [ 18,   784, 0.19]
   86; [ 19,  1171, 0.18]
   86; [ 20,   874, 0.18]
   86; [ 21,   176, 0.17]
   86; [ 22,   346, 0.17]
   86; [ 23,  1143, 0.17]
   86; [ 24,   110, 0.16]
   86; [ 25,   983, 0.16]
   86; [ 26,    81, 0.15]
   86; [ 27,   987, 0.15]
   86; [ 28,   179, 0.15]
   86; [ 29,   394, 0.15]
   86; [ 30,  1091, 0.15]
   86; [ 31,   923, 0.15]
   86; [ 32,  1203, 0.14]
   86; [ 33,   989, 0.14]
   86; [ 34,   300, 0.14]
   86; [ 35,   505, 0.14]
   86; [ 36,    61, 0.14]
   86; [ 37,   588, 0.13]
   86; [ 38,   778, 0.13]
   86; [ 39,  1025, 0.13]
   86; [ 40,   912, 0.13]
   86; [ 41,   745, 0.13]
   86; [ 42,   590, 0.13]
   86; [ 43,     1, 0.12]
   86; [ 44,   589, 0.12]
   86; [ 45,   200, 0.12]
   86; [ 46,    80, 0.12]
   86; [ 47,   384, 0.11]
   86; [ 48,   988, 0.11]
   86; [ 49,   479, 0.11]
   86; [ 50,   265, 0.10]
   86; [ 51,   887, 0.10]
   86; [ 52,   459, 0.10]
   86; [ 53,   623, 0.10]
   86; [ 54,   802, 0.10]
   87; [  1,   860, 0.20]
   87; [  2,  1171, 0.14]
   87; [  3,   623, 0.13]
   87; [  4,   501, 0.13]
   87; [  5,   195, 0.13]
   87; [  6,  1169, 0.12]
   87; [  7,   903, 0.11]
   87; [  8,   386, 0.11]
   87; [  9,  1190, 0.11]
   87; [ 10,  1091, 0.11]
   87; [ 11,   437, 0.10]
   87; [ 12,    17, 0.10]
   87; [ 13,   607, 0.10]
   88; [  1,   614, 0.31]
   88; [  2,   761, 0.28]
   88; [  3,  1089, 0.20]
   88; [  4,   987, 0.14]
   88; [  5,  1228, 0.12]
   88; [  6,  1171, 0.12]
   88; [  7,   262, 0.12]
   88; [  8,  1190, 0.12]
   88; [  9,   905, 0.12]
   88; [ 10,   432, 0.11]
   88; [ 11,   670, 0.10]
   89; [  1,  1089, 0.46]
   89; [  2,   479, 0.31]
   89; [  3,   469, 0.27]
   89; [  4,   282, 0.24]
   89; [  5,    79, 0.23]
   89; [  6,   905, 0.23]
   89; [  7,     8, 0.22]
   89; [  8,   260, 0.22]
   89; [  9,   160, 0.21]
   89; [ 10,   459, 0.21]
   89; [ 11,   802, 0.21]
   89; [ 12,   987, 0.21]
   89; [ 13,  1077, 0.20]
   89; [ 14,   590, 0.20]
   89; [ 15,     1, 0.20]
   89; [ 16,   161, 0.20]
   89; [ 17,    62, 0.19]
   89; [ 18,   177, 0.19]
   89; [ 19,   884, 0.19]
   89; [ 20,    80, 0.19]
   89; [ 21,   912, 0.18]
   89; [ 22,   668, 0.18]
   89; [ 23,   159, 0.18]
   89; [ 24,   432, 0.18]
   89; [ 25,    99, 0.17]
   89; [ 26,  1203, 0.16]
   89; [ 27,   271, 0.15]
   89; [ 28,   176, 0.15]
   89; [ 29,   460, 0.15]
   89; [ 30,   800, 0.15]
   89; [ 31,   394, 0.15]
   89; [ 32,   778, 0.15]
   89; [ 33,  1171, 0.15]
   89; [ 34,   447, 0.15]
   89; [ 35,  1227, 0.15]
   89; [ 36,   200, 0.15]
   89; [ 37,   696, 0.15]
   89; [ 38,   842, 0.14]
   89; [ 39,   135, 0.14]
   89; [ 40,   265, 0.14]
   89; [ 41,   178, 0.14]
   89; [ 42,   148, 0.14]
   89; [ 43,   874, 0.14]
   89; [ 44,  1091, 0.13]
   89; [ 45,  1023, 0.13]
   89; [ 46,  1071, 0.13]
   89; [ 47,  1112, 0.13]
   89; [ 48,    81, 0.13]
   89; [ 49,     7, 0.13]
   89; [ 50,   611, 0.12]
   89; [ 51,   123, 0.12]
   89; [ 52,   890, 0.12]
   89; [ 53,   922, 0.12]
   89; [ 54,   427, 0.12]
   89; [ 55,   866, 0.12]
   89; [ 56,   913, 0.12]
   89; [ 57,    18, 0.11]
   89; [ 58,   458, 0.11]
   89; [ 59,   250, 0.11]
   89; [ 60,   753, 0.11]
   89; [ 61,  1065, 0.11]
   89; [ 62,   989, 0.11]
   89; [ 63,  1086, 0.11]
   89; [ 64,   505, 0.10]
   89; [ 65,   790, 0.10]
   89; [ 66,   983, 0.10]
   89; [ 67,   652, 0.10]
   90; [  1,   912, 0.40]
   90; [  2,  1089, 0.34]
   90; [  3,   161, 0.34]
   90; [  4,   459, 0.34]
   90; [  5,   177, 0.32]
   90; [  6,   176, 0.32]
   90; [  7,   884, 0.32]
   90; [  8,   874, 0.31]
   90; [  9,   479, 0.28]
   90; [ 10,    80, 0.25]
   90; [ 11,   346, 0.25]
   90; [ 12,   778, 0.25]
   90; [ 13,  1171, 0.25]
   90; [ 14,  1227, 0.25]
   90; [ 15,     7, 0.24]
   90; [ 16,   802, 0.24]
   90; [ 17,   447, 0.24]
   90; [ 18,   265, 0.24]
   90; [ 19,   589, 0.23]
   90; [ 20,   790, 0.23]
   90; [ 21,   987, 0.23]
   90; [ 22,  1112, 0.22]
   90; [ 23,   753, 0.21]
   90; [ 24,   427, 0.21]
   90; [ 25,   556, 0.21]
   90; [ 26,   160, 0.20]
   90; [ 27,   696, 0.20]
   90; [ 28,     8, 0.20]
   90; [ 29,   590, 0.19]
   90; [ 30,   451, 0.19]
   90; [ 31,   178, 0.19]
   90; [ 32,   800, 0.19]
   90; [ 33,   905, 0.18]
   90; [ 34,  1086, 0.18]
   90; [ 35,    79, 0.17]
   90; [ 36,   282, 0.17]
   90; [ 37,   260, 0.17]
   90; [ 38,   706, 0.17]
   90; [ 39,  1077, 0.17]
   90; [ 40,  1078, 0.16]
   90; [ 41,   988, 0.16]
   90; [ 42,   890, 0.16]
   90; [ 43,   588, 0.16]
   90; [ 44,   550, 0.16]
   90; [ 45,  1203, 0.15]
   90; [ 46,     1, 0.15]
   90; [ 47,   271, 0.15]
   90; [ 48,   460, 0.15]
   90; [ 49,    62, 0.14]
   90; [ 50,   469, 0.14]
   90; [ 51,  1010, 0.13]
   90; [ 52,   159, 0.13]
   90; [ 53,    81, 0.13]
   90; [ 54,   148, 0.13]
   90; [ 55,   668, 0.13]
   90; [ 56,   805, 0.12]
   90; [ 57,   554, 0.12]
   90; [ 58,   505, 0.12]
   90; [ 59,   214, 0.12]
   90; [ 60,   441, 0.12]
   90; [ 61,   123, 0.12]
   90; [ 62,   240, 0.12]
   90; [ 63,   394, 0.11]
   90; [ 64,   842, 0.11]
   90; [ 65,   989, 0.10]
   90; [ 66,  1044, 0.10]
   90; [ 67,   966, 0.10]
   91; [  1,    96, 0.24]
   91; [  2,   129, 0.21]
   91; [  3,   921, 0.20]
   91; [  4,   770, 0.20]
   91; [  5,  1124, 0.20]
   91; [  6,   443, 0.19]
   91; [  7,   984, 0.19]
   91; [  8,   473, 0.18]
   91; [  9,  1158, 0.18]
   91; [ 10,   791, 0.18]
   91; [ 11,   763, 0.17]
   91; [ 12,   333, 0.16]
   91; [ 13,  1101, 0.16]
   91; [ 14,   830, 0.16]
   91; [ 15,   882, 0.16]
   91; [ 16,   822, 0.15]
   91; [ 17,   697, 0.15]
   91; [ 18,   189, 0.15]
   91; [ 19,   755, 0.15]
   91; [ 20,   320, 0.15]
   91; [ 21,  1033, 0.14]
   91; [ 22,   810, 0.14]
   91; [ 23,   688, 0.14]
   91; [ 24,   462, 0.14]
   91; [ 25,   715, 0.14]
   91; [ 26,   680, 0.14]
   91; [ 27,   899, 0.14]
   91; [ 28,    68, 0.14]
   91; [ 29,   815, 0.14]
   91; [ 30,   875, 0.14]
   91; [ 31,   392, 0.13]
   91; [ 32,    99, 0.13]
   91; [ 33,   716, 0.13]
   91; [ 34,   398, 0.13]
   91; [ 35,  1181, 0.13]
   91; [ 36,   928, 0.13]
   91; [ 37,   658, 0.13]
   91; [ 38,  1028, 0.13]
   91; [ 39,   798, 0.12]
   91; [ 40,   901, 0.12]
   91; [ 41,   190, 0.12]
   91; [ 42,   643, 0.11]
   91; [ 43,   370, 0.11]
   91; [ 44,   657, 0.11]
   91; [ 45,  1177, 0.11]
   91; [ 46,   207, 0.11]
   91; [ 47,   322, 0.11]
   91; [ 48,   559, 0.11]
   91; [ 49,   694, 0.11]
   91; [ 50,   553, 0.10]
   91; [ 51,   332, 0.10]
   91; [ 52,   509, 0.10]
   91; [ 53,   135, 0.10]
   91; [ 54,   868, 0.10]
   92; [  1,   910, 0.33]
   92; [  2,   204, 0.30]
   92; [  3,   942, 0.29]
   92; [  4,   858, 0.26]
   92; [  5,  1093, 0.25]
   92; [  6,   473, 0.23]
   92; [  7,   148, 0.23]
   92; [  8,   692, 0.22]
   92; [  9,   764, 0.22]
   92; [ 10,   513, 0.22]
   92; [ 11,   354, 0.19]
   92; [ 12,   983, 0.18]
   92; [ 13,   599, 0.17]
   92; [ 14,   882, 0.17]
   92; [ 15,  1118, 0.16]
   92; [ 16,   472, 0.16]
   92; [ 17,   446, 0.15]
   92; [ 18,   971, 0.14]
   92; [ 19,   731, 0.14]
   92; [ 20,   778, 0.13]
   92; [ 21,   474, 0.13]
   92; [ 22,  1147, 0.13]
   92; [ 23,   732, 0.13]
   92; [ 24,   824, 0.13]
   92; [ 25,   346, 0.13]
   92; [ 26,   952, 0.13]
   92; [ 27,   266, 0.13]
   92; [ 28,    89, 0.12]
   92; [ 29,   849, 0.12]
   92; [ 30,   767, 0.12]
   92; [ 31,   332, 0.12]
   92; [ 32,   783, 0.12]
   92; [ 33,   766, 0.12]
   92; [ 34,  1195, 0.12]
   92; [ 35,   607, 0.12]
   92; [ 36,   914, 0.12]
   92; [ 37,   200, 0.11]
   92; [ 38,  1234, 0.11]
   92; [ 39,  1084, 0.11]
   92; [ 40,   415, 0.11]
   92; [ 41,  1232, 0.11]
   92; [ 42,  1173, 0.11]
   92; [ 43,   661, 0.11]
   92; [ 44,   842, 0.11]
   92; [ 45,   183, 0.11]
   92; [ 46,   422, 0.11]
   92; [ 47,   765, 0.10]
   92; [ 48,   438, 0.10]
   92; [ 49,  1107, 0.10]
   94; [  1,  1023, 0.43]
   94; [  2,  1199, 0.19]
   94; [  3,   566, 0.19]
   94; [  4,   435, 0.19]
   94; [  5,   264, 0.16]
   94; [  6,  1143, 0.15]
   94; [  7,  1168, 0.15]
   94; [  8,   652, 0.15]
   94; [  9,   359, 0.14]
   94; [ 10,   903, 0.14]
   94; [ 11,  1204, 0.14]
   94; [ 12,  1197, 0.14]
   94; [ 13,   955, 0.13]
   94; [ 14,  1156, 0.13]
   94; [ 15,   742, 0.13]
   94; [ 16,  1223, 0.13]
   94; [ 17,   721, 0.12]
   94; [ 18,  1123, 0.12]
   94; [ 19,   705, 0.11]
   94; [ 20,   745, 0.11]
   94; [ 21,   311, 0.11]
   94; [ 22,  1013, 0.11]
   94; [ 23,   246, 0.11]
   94; [ 24,   220, 0.11]
   94; [ 25,   541, 0.10]
   94; [ 26,   882, 0.10]
   94; [ 27,   670, 0.10]
   94; [ 28,  1234, 0.10]
   94; [ 29,   125, 0.10]
   94; [ 30,   740, 0.10]
   95; [  1,   257, 0.25]
   95; [  2,    30, 0.25]
   95; [  3,   883, 0.24]
   95; [  4,   615, 0.15]
   95; [  5,   606, 0.14]
   95; [  6,  1223, 0.13]
   95; [  7,   348, 0.11]
   95; [  8,   496, 0.11]
   95; [  9,  1194, 0.10]
   96; [  1,   455, 0.36]
   96; [  2,  1088, 0.22]
   96; [  3,   673, 0.17]
   96; [  4,   454, 0.17]
   97; [  1,   958, 0.36]
   97; [  2,    44, 0.29]
   97; [  3,    20, 0.26]
   97; [  4,   924, 0.26]
   97; [  5,   751, 0.25]
   97; [  6,   757, 0.21]
   97; [  7,   426, 0.21]
   97; [  8,   388, 0.20]
   97; [  9,   435, 0.20]
   97; [ 10,   383, 0.19]
   97; [ 11,   135, 0.19]
   97; [ 12,   418, 0.19]
   97; [ 13,     6, 0.17]
   97; [ 14,   562, 0.17]
   97; [ 15,   539, 0.17]
   97; [ 16,  1185, 0.17]
   97; [ 17,   568, 0.16]
   97; [ 18,   538, 0.16]
   97; [ 19,   287, 0.14]
   97; [ 20,   571, 0.13]
   97; [ 21,   992, 0.12]
   97; [ 22,   753, 0.12]
   97; [ 23,   224, 0.12]
   97; [ 24,   416, 0.12]
   97; [ 25,   691, 0.12]
   97; [ 26,   118, 0.12]
   97; [ 27,  1237, 0.11]
   97; [ 28,   490, 0.11]
   97; [ 29,   144, 0.11]
   97; [ 30,   970, 0.11]
   97; [ 31,   624, 0.11]
   98; [  1,  1018, 0.30]
   98; [  2,   180, 0.26]
   98; [  3,  1118, 0.25]
   98; [  4,   562, 0.21]
   98; [  5,   498, 0.18]
   98; [  6,   833, 0.17]
   98; [  7,   360, 0.17]
   98; [  8,   763, 0.16]
   98; [  9,   394, 0.15]
   98; [ 10,  1184, 0.15]
   98; [ 11,  1156, 0.13]
   98; [ 12,  1150, 0.13]
   98; [ 13,  1091, 0.13]
   98; [ 14,   516, 0.13]
   98; [ 15,  1143, 0.12]
   98; [ 16,   505, 0.12]
   98; [ 17,  1185, 0.11]
   98; [ 18,   401, 0.10]
   98; [ 19,  1214, 0.10]
   98; [ 20,  1149, 0.10]
   98; [ 21,   605, 0.10]
   99; [  1,   449, 0.39]
   99; [  2,   268, 0.25]
   99; [  3,   324, 0.25]
  100; [  1,   579, 0.39]
  100; [  2,  1017, 0.38]
  100; [  3,   183, 0.37]
